[{"model": "admin.logentry", "pk": 1, "fields": {"action_time": "2023-09-20T13:56:15.669Z", "user": 1, "content_type": 7, "object_id": "1", "object_repr": "Nike", "action_flag": 1, "change_message": "[{\"added\": {}}]"}}, {"model": "admin.logentry", "pk": 2, "fields": {"action_time": "2023-09-20T13:56:19.716Z", "user": 1, "content_type": 7, "object_id": "2", "object_repr": "Puma", "action_flag": 1, "change_message": "[{\"added\": {}}]"}}, {"model": "admin.logentry", "pk": 3, "fields": {"action_time": "2023-09-20T13:56:22.968Z", "user": 1, "content_type": 7, "object_id": "3", "object_repr": "Adidas", "action_flag": 1, "change_message": "[{\"added\": {}}]"}}, {"model": "admin.logentry", "pk": 4, "fields": {"action_time": "2023-09-20T13:57:40.954Z", "user": 1, "content_type": 9, "object_id": "1", "object_repr": "Jordan 4 Retro Military Black", "action_flag": 1, "change_message": "[{\"added\": {}}]"}}, {"model": "admin.logentry", "pk": 5, "fields": {"action_time": "2023-09-20T14:01:41.830Z", "user": 1, "content_type": 9, "object_id": "1", "object_repr": "Jordan 4 Retro Military Black", "action_flag": 2, "change_message": "[]"}}, {"model": "admin.logentry", "pk": 6, "fields": {"action_time": "2023-09-20T14:05:46.105Z", "user": 1, "content_type": 9, "object_id": "2", "object_repr": "Unreal Engine Gay SEx sneakers", "action_flag": 1, "change_message": "[{\"added\": {}}]"}}, {"model": "admin.logentry", "pk": 7, "fields": {"action_time": "2023-09-20T14:06:26.192Z", "user": 1, "content_type": 9, "object_id": "3", "object_repr": "Puma Huuma", "action_flag": 1, "change_message": "[{\"added\": {}}]"}}, {"model": "admin.logentry", "pk": 8, "fields": {"action_time": "2023-09-28T13:27:11.140Z", "user": 1, "content_type": 9, "object_id": "2", "object_repr": "Unreal Engine", "action_flag": 2, "change_message": "[{\"changed\": {\"fields\": [\"Model name\"]}}]"}}, {"model": "admin.logentry", "pk": 9, "fields": {"action_time": "2023-09-28T13:44:45.571Z", "user": 1, "content_type": 9, "object_id": "4", "object_repr": "Ultra Demix", "action_flag": 1, "change_message": "[{\"added\": {}}]"}}, {"model": "admin.logentry", "pk": 10, "fields": {"action_time": "2023-09-28T13:45:08.778Z", "user": 1, "content_type": 9, "object_id": "5", "object_repr": "Overhigh floor Triangle", "action_flag": 1, "change_message": "[{\"added\": {}}]"}}, {"model": "admin.logentry", "pk": 11, "fields": {"action_time": "2023-09-28T13:46:16.426Z", "user": 1, "content_type": 9, "object_id": "6", "object_repr": "Ztor 1223", "action_flag": 1, "change_message": "[{\"added\": {}}]"}}, {"model": "admin.logentry", "pk": 12, "fields": {"action_time": "2023-09-28T14:15:26.622Z", "user": 1, "content_type": 9, "object_id": "7", "object_repr": "test1", "action_flag": 1, "change_message": "[{\"added\": {}}]"}}, {"model": "admin.logentry", "pk": 13, "fields": {"action_time": "2023-09-28T14:15:36.854Z", "user": 1, "content_type": 9, "object_id": "8", "object_repr": "test", "action_flag": 1, "change_message": "[{\"added\": {}}]"}}, {"model": "admin.logentry", "pk": 14, "fields": {"action_time": "2023-09-28T15:12:32.913Z", "user": 1, "content_type": 9, "object_id": "9", "object_repr": "test", "action_flag": 1, "change_message": "[{\"added\": {}}]"}}, {"model": "admin.logentry", "pk": 15, "fields": {"action_time": "2023-09-28T15:12:43.631Z", "user": 1, "content_type": 9, "object_id": "10", "object_repr": "test11", "action_flag": 1, "change_message": "[{\"added\": {}}]"}}, {"model": "admin.logentry", "pk": 16, "fields": {"action_time": "2023-10-04T14:05:47.783Z", "user": 1, "content_type": 9, "object_id": "10", "object_repr": "test11", "action_flag": 2, "change_message": "[{\"changed\": {\"fields\": [\"URL\"]}}]"}}, {"model": "admin.logentry", "pk": 17, "fields": {"action_time": "2023-10-04T14:05:53.313Z", "user": 1, "content_type": 9, "object_id": "9", "object_repr": "test", "action_flag": 2, "change_message": "[{\"changed\": {\"fields\": [\"URL\"]}}]"}}, {"model": "admin.logentry", "pk": 18, "fields": {"action_time": "2023-10-04T14:06:01.695Z", "user": 1, "content_type": 9, "object_id": "8", "object_repr": "test", "action_flag": 2, "change_message": "[{\"changed\": {\"fields\": [\"URL\"]}}]"}}, {"model": "admin.logentry", "pk": 19, "fields": {"action_time": "2023-10-04T14:06:29.260Z", "user": 1, "content_type": 9, "object_id": "10", "object_repr": "test11", "action_flag": 3, "change_message": ""}}, {"model": "admin.logentry", "pk": 20, "fields": {"action_time": "2023-10-04T14:06:29.319Z", "user": 1, "content_type": 9, "object_id": "9", "object_repr": "test", "action_flag": 3, "change_message": ""}}, {"model": "admin.logentry", "pk": 21, "fields": {"action_time": "2023-10-04T14:06:29.376Z", "user": 1, "content_type": 9, "object_id": "8", "object_repr": "test", "action_flag": 3, "change_message": ""}}, {"model": "admin.logentry", "pk": 22, "fields": {"action_time": "2023-10-04T14:06:29.411Z", "user": 1, "content_type": 9, "object_id": "7", "object_repr": "test1", "action_flag": 3, "change_message": ""}}, {"model": "admin.logentry", "pk": 23, "fields": {"action_time": "2023-10-04T14:06:35.513Z", "user": 1, "content_type": 9, "object_id": "6", "object_repr": "Ztor 1223", "action_flag": 2, "change_message": "[{\"changed\": {\"fields\": [\"URL\"]}}]"}}, {"model": "admin.logentry", "pk": 24, "fields": {"action_time": "2023-10-04T14:06:40.587Z", "user": 1, "content_type": 9, "object_id": "5", "object_repr": "Overhigh floor Triangle", "action_flag": 2, "change_message": "[{\"changed\": {\"fields\": [\"URL\"]}}]"}}, {"model": "admin.logentry", "pk": 25, "fields": {"action_time": "2023-10-04T14:06:45.104Z", "user": 1, "content_type": 9, "object_id": "4", "object_repr": "Ultra Demix", "action_flag": 2, "change_message": "[{\"changed\": {\"fields\": [\"URL\"]}}]"}}, {"model": "admin.logentry", "pk": 26, "fields": {"action_time": "2023-10-04T14:06:51.221Z", "user": 1, "content_type": 9, "object_id": "3", "object_repr": "Puma Huuma", "action_flag": 2, "change_message": "[{\"changed\": {\"fields\": [\"URL\"]}}]"}}, {"model": "admin.logentry", "pk": 27, "fields": {"action_time": "2023-10-04T14:06:55.710Z", "user": 1, "content_type": 9, "object_id": "2", "object_repr": "Unreal Engine", "action_flag": 2, "change_message": "[{\"changed\": {\"fields\": [\"URL\"]}}]"}}, {"model": "admin.logentry", "pk": 28, "fields": {"action_time": "2023-10-04T14:07:01.416Z", "user": 1, "content_type": 9, "object_id": "1", "object_repr": "Jordan 4 Retro Military Black", "action_flag": 2, "change_message": "[{\"changed\": {\"fields\": [\"URL\"]}}]"}}, {"model": "admin.logentry", "pk": 29, "fields": {"action_time": "2023-10-04T14:07:04.937Z", "user": 1, "content_type": 9, "object_id": "2", "object_repr": "Unreal Engine", "action_flag": 2, "change_message": "[]"}}, {"model": "admin.logentry", "pk": 30, "fields": {"action_time": "2023-10-04T14:09:23.628Z", "user": 1, "content_type": 7, "object_id": "3", "object_repr": "Adidas", "action_flag": 2, "change_message": "[{\"changed\": {\"fields\": [\"URL\"]}}]"}}, {"model": "admin.logentry", "pk": 31, "fields": {"action_time": "2023-10-04T14:09:27.711Z", "user": 1, "content_type": 7, "object_id": "2", "object_repr": "Puma", "action_flag": 2, "change_message": "[{\"changed\": {\"fields\": [\"URL\"]}}]"}}, {"model": "admin.logentry", "pk": 32, "fields": {"action_time": "2023-10-04T14:09:31.512Z", "user": 1, "content_type": 7, "object_id": "1", "object_repr": "Nike", "action_flag": 2, "change_message": "[{\"changed\": {\"fields\": [\"URL\"]}}]"}}, {"model": "admin.logentry", "pk": 33, "fields": {"action_time": "2023-10-04T15:03:46.075Z", "user": 1, "content_type": 9, "object_id": "7", "object_repr": "test", "action_flag": 1, "change_message": "[{\"added\": {}}]"}}, {"model": "admin.logentry", "pk": 34, "fields": {"action_time": "2023-10-04T15:03:58.140Z", "user": 1, "content_type": 9, "object_id": "8", "object_repr": "test2", "action_flag": 1, "change_message": "[{\"added\": {}}]"}}, {"model": "admin.logentry", "pk": 35, "fields": {"action_time": "2023-10-04T15:05:08.713Z", "user": 1, "content_type": 9, "object_id": "8", "object_repr": "test2", "action_flag": 3, "change_message": ""}}, {"model": "admin.logentry", "pk": 36, "fields": {"action_time": "2023-10-04T15:05:10.473Z", "user": 1, "content_type": 9, "object_id": "7", "object_repr": "test", "action_flag": 3, "change_message": ""}}, {"model": "admin.logentry", "pk": 37, "fields": {"action_time": "2023-10-19T12:29:46.075Z", "user": 1, "content_type": 4, "object_id": "2", "object_repr": "root2", "action_flag": 3, "change_message": ""}}, {"model": "admin.logentry", "pk": 38, "fields": {"action_time": "2023-10-26T18:18:18.676Z", "user": 1, "content_type": 11, "object_id": "1", "object_repr": "Supply object (1)", "action_flag": 1, "change_message": "[{\"added\": {}}]"}}, {"model": "admin.logentry", "pk": 39, "fields": {"action_time": "2023-10-26T18:18:43.669Z", "user": 1, "content_type": 11, "object_id": "2", "object_repr": "Supply object (2)", "action_flag": 1, "change_message": "[{\"added\": {}}]"}}, {"model": "admin.logentry", "pk": 40, "fields": {"action_time": "2023-10-26T18:24:32.934Z", "user": 1, "content_type": 11, "object_id": "1", "object_repr": "Supply object (1)", "action_flag": 3, "change_message": ""}}, {"model": "admin.logentry", "pk": 41, "fields": {"action_time": "2023-10-26T18:31:05.474Z", "user": 1, "content_type": 11, "object_id": "2", "object_repr": "Supply object (2)", "action_flag": 3, "change_message": ""}}, {"model": "admin.logentry", "pk": 42, "fields": {"action_time": "2023-10-27T14:26:20.786Z", "user": 1, "content_type": 13, "object_id": "1", "object_repr": "Storage object (1)", "action_flag": 1, "change_message": "[{\"added\": {}}]"}}, {"model": "admin.logentry", "pk": 43, "fields": {"action_time": "2023-10-27T14:31:21.606Z", "user": 1, "content_type": 13, "object_id": "2", "object_repr": "Storage object (2)", "action_flag": 1, "change_message": "[{\"added\": {}}]"}}, {"model": "admin.logentry", "pk": 44, "fields": {"action_time": "2023-10-27T14:31:38.824Z", "user": 1, "content_type": 13, "object_id": "3", "object_repr": "Storage object (3)", "action_flag": 1, "change_message": "[{\"added\": {}}]"}}, {"model": "admin.logentry", "pk": 45, "fields": {"action_time": "2023-10-27T14:32:04.653Z", "user": 1, "content_type": 13, "object_id": "4", "object_repr": "Storage object (4)", "action_flag": 1, "change_message": "[{\"added\": {}}]"}}, {"model": "admin.logentry", "pk": 46, "fields": {"action_time": "2023-10-27T14:32:22.753Z", "user": 1, "content_type": 13, "object_id": "5", "object_repr": "Storage object (5)", "action_flag": 1, "change_message": "[{\"added\": {}}]"}}, {"model": "admin.logentry", "pk": 47, "fields": {"action_time": "2023-10-27T16:07:11.819Z", "user": 1, "content_type": 13, "object_id": "6", "object_repr": "Storage object (6)", "action_flag": 1, "change_message": "[{\"added\": {}}]"}}, {"model": "admin.logentry", "pk": 48, "fields": {"action_time": "2023-10-27T16:18:23.942Z", "user": 1, "content_type": 13, "object_id": "6", "object_repr": "Jordan 4 Retro Military Black 42 size", "action_flag": 2, "change_message": "[{\"changed\": {\"fields\": [\"Price\"]}}]"}}, {"model": "admin.logentry", "pk": 49, "fields": {"action_time": "2023-10-27T16:21:26.165Z", "user": 1, "content_type": 9, "object_id": "6", "object_repr": "Ztor 1223", "action_flag": 2, "change_message": "[{\"changed\": {\"fields\": [\"Price\"]}}]"}}, {"model": "admin.logentry", "pk": 50, "fields": {"action_time": "2023-10-27T16:21:34.198Z", "user": 1, "content_type": 9, "object_id": "5", "object_repr": "Overhigh floor Triangle", "action_flag": 2, "change_message": "[{\"changed\": {\"fields\": [\"Price\"]}}]"}}, {"model": "admin.logentry", "pk": 51, "fields": {"action_time": "2023-10-27T16:21:40.598Z", "user": 1, "content_type": 9, "object_id": "4", "object_repr": "Ultra Demix", "action_flag": 2, "change_message": "[{\"changed\": {\"fields\": [\"Price\"]}}]"}}, {"model": "admin.logentry", "pk": 52, "fields": {"action_time": "2023-10-27T16:21:47.639Z", "user": 1, "content_type": 9, "object_id": "3", "object_repr": "Puma Huuma", "action_flag": 2, "change_message": "[{\"changed\": {\"fields\": [\"Price\"]}}]"}}, {"model": "admin.logentry", "pk": 53, "fields": {"action_time": "2023-10-27T16:21:54.297Z", "user": 1, "content_type": 9, "object_id": "2", "object_repr": "Unreal Engine", "action_flag": 2, "change_message": "[{\"changed\": {\"fields\": [\"Price\"]}}]"}}, {"model": "admin.logentry", "pk": 54, "fields": {"action_time": "2023-10-27T16:22:03.670Z", "user": 1, "content_type": 9, "object_id": "1", "object_repr": "Jordan 4 Retro Military Black", "action_flag": 2, "change_message": "[{\"changed\": {\"fields\": [\"Price\"]}}]"}}, {"model": "admin.logentry", "pk": 55, "fields": {"action_time": "2023-10-29T13:29:44.607Z", "user": 1, "content_type": 13, "object_id": "4", "object_repr": "Ultra Demix 38 size", "action_flag": 2, "change_message": "[]"}}, {"model": "admin.logentry", "pk": 56, "fields": {"action_time": "2023-11-08T23:59:40.170Z", "user": 1, "content_type": 10, "object_id": "1", "object_repr": "ProductInOrder object (1)", "action_flag": 1, "change_message": "[{\"added\": {}}]"}}, {"model": "admin.logentry", "pk": 57, "fields": {"action_time": "2023-11-09T14:09:29.637Z", "user": 1, "content_type": 10, "object_id": "1", "object_repr": "ProductInOrder object (1)", "action_flag": 3, "change_message": ""}}, {"model": "admin.logentry", "pk": 58, "fields": {"action_time": "2023-11-09T14:09:38.708Z", "user": 1, "content_type": 10, "object_id": "2", "object_repr": "ProductInOrder object (2)", "action_flag": 1, "change_message": "[{\"added\": {}}]"}}, {"model": "admin.logentry", "pk": 59, "fields": {"action_time": "2023-11-09T15:54:55.736Z", "user": 1, "content_type": 4, "object_id": "5", "object_repr": "dima111", "action_flag": 3, "change_message": ""}}, {"model": "admin.logentry", "pk": 60, "fields": {"action_time": "2023-11-09T15:54:55.817Z", "user": 1, "content_type": 4, "object_id": "4", "object_repr": "dima123", "action_flag": 3, "change_message": ""}}, {"model": "admin.logentry", "pk": 61, "fields": {"action_time": "2023-11-09T15:54:55.862Z", "user": 1, "content_type": 4, "object_id": "3", "object_repr": "root33", "action_flag": 3, "change_message": ""}}, {"model": "admin.logentry", "pk": 62, "fields": {"action_time": "2023-11-09T16:50:30.052Z", "user": 1, "content_type": 8, "object_id": "1", "object_repr": "Order object (1)", "action_flag": 2, "change_message": "[]"}}, {"model": "admin.logentry", "pk": 63, "fields": {"action_time": "2023-11-09T16:50:37.154Z", "user": 1, "content_type": 10, "object_id": "2", "object_repr": "ProductInOrder object (2)", "action_flag": 3, "change_message": ""}}, {"model": "admin.logentry", "pk": 64, "fields": {"action_time": "2023-11-09T16:51:48.867Z", "user": 1, "content_type": 8, "object_id": "1", "object_repr": "Order object (1)", "action_flag": 3, "change_message": ""}}, {"model": "admin.logentry", "pk": 65, "fields": {"action_time": "2023-11-09T16:54:21.598Z", "user": 1, "content_type": 8, "object_id": "2", "object_repr": "Order object (2)", "action_flag": 3, "change_message": ""}}, {"model": "admin.logentry", "pk": 66, "fields": {"action_time": "2023-11-09T17:09:14.438Z", "user": 1, "content_type": 8, "object_id": "3", "object_repr": "order number ╣3", "action_flag": 2, "change_message": "[{\"changed\": {\"fields\": [\"Items amount\"]}}]"}}, {"model": "admin.logentry", "pk": 67, "fields": {"action_time": "2023-11-09T17:10:03.759Z", "user": 1, "content_type": 8, "object_id": "3", "object_repr": "order number ╣3", "action_flag": 2, "change_message": "[]"}}, {"model": "admin.logentry", "pk": 68, "fields": {"action_time": "2023-11-13T17:23:55.316Z", "user": 1, "content_type": 10, "object_id": "17", "object_repr": "ProductInOrder object (17)", "action_flag": 3, "change_message": ""}}, {"model": "admin.logentry", "pk": 69, "fields": {"action_time": "2023-11-13T17:23:55.437Z", "user": 1, "content_type": 10, "object_id": "16", "object_repr": "ProductInOrder object (16)", "action_flag": 3, "change_message": ""}}, {"model": "admin.logentry", "pk": 70, "fields": {"action_time": "2023-11-13T17:23:55.505Z", "user": 1, "content_type": 10, "object_id": "15", "object_repr": "ProductInOrder object (15)", "action_flag": 3, "change_message": ""}}, {"model": "admin.logentry", "pk": 71, "fields": {"action_time": "2023-11-13T17:23:55.540Z", "user": 1, "content_type": 10, "object_id": "14", "object_repr": "ProductInOrder object (14)", "action_flag": 3, "change_message": ""}}, {"model": "admin.logentry", "pk": 72, "fields": {"action_time": "2023-11-13T17:23:55.575Z", "user": 1, "content_type": 10, "object_id": "13", "object_repr": "ProductInOrder object (13)", "action_flag": 3, "change_message": ""}}, {"model": "admin.logentry", "pk": 73, "fields": {"action_time": "2023-11-13T17:23:55.611Z", "user": 1, "content_type": 10, "object_id": "12", "object_repr": "ProductInOrder object (12)", "action_flag": 3, "change_message": ""}}, {"model": "admin.logentry", "pk": 74, "fields": {"action_time": "2023-11-13T17:23:55.670Z", "user": 1, "content_type": 10, "object_id": "11", "object_repr": "ProductInOrder object (11)", "action_flag": 3, "change_message": ""}}, {"model": "admin.logentry", "pk": 75, "fields": {"action_time": "2023-11-13T17:23:55.714Z", "user": 1, "content_type": 10, "object_id": "10", "object_repr": "ProductInOrder object (10)", "action_flag": 3, "change_message": ""}}, {"model": "admin.logentry", "pk": 76, "fields": {"action_time": "2023-11-13T17:23:55.771Z", "user": 1, "content_type": 10, "object_id": "9", "object_repr": "ProductInOrder object (9)", "action_flag": 3, "change_message": ""}}, {"model": "admin.logentry", "pk": 77, "fields": {"action_time": "2023-11-13T17:23:55.806Z", "user": 1, "content_type": 10, "object_id": "8", "object_repr": "ProductInOrder object (8)", "action_flag": 3, "change_message": ""}}, {"model": "admin.logentry", "pk": 78, "fields": {"action_time": "2023-11-13T17:23:55.841Z", "user": 1, "content_type": 10, "object_id": "7", "object_repr": "ProductInOrder object (7)", "action_flag": 3, "change_message": ""}}, {"model": "admin.logentry", "pk": 79, "fields": {"action_time": "2023-11-13T17:23:55.876Z", "user": 1, "content_type": 10, "object_id": "6", "object_repr": "ProductInOrder object (6)", "action_flag": 3, "change_message": ""}}, {"model": "admin.logentry", "pk": 80, "fields": {"action_time": "2023-11-13T17:23:55.910Z", "user": 1, "content_type": 10, "object_id": "5", "object_repr": "ProductInOrder object (5)", "action_flag": 3, "change_message": ""}}, {"model": "admin.logentry", "pk": 81, "fields": {"action_time": "2023-11-13T17:23:55.980Z", "user": 1, "content_type": 10, "object_id": "4", "object_repr": "ProductInOrder object (4)", "action_flag": 3, "change_message": ""}}, {"model": "admin.logentry", "pk": 82, "fields": {"action_time": "2023-11-13T17:23:56.014Z", "user": 1, "content_type": 10, "object_id": "3", "object_repr": "ProductInOrder object (3)", "action_flag": 3, "change_message": ""}}, {"model": "admin.logentry", "pk": 83, "fields": {"action_time": "2023-11-13T17:24:11.735Z", "user": 1, "content_type": 8, "object_id": "4", "object_repr": "order number ╣4", "action_flag": 3, "change_message": ""}}, {"model": "admin.logentry", "pk": 84, "fields": {"action_time": "2023-11-13T17:24:11.802Z", "user": 1, "content_type": 8, "object_id": "3", "object_repr": "order number ╣3", "action_flag": 3, "change_message": ""}}, {"model": "admin.logentry", "pk": 85, "fields": {"action_time": "2023-11-15T15:26:54.817Z", "user": 1, "content_type": 10, "object_id": "41", "object_repr": "ProductInOrder object (41)", "action_flag": 3, "change_message": ""}}, {"model": "admin.logentry", "pk": 86, "fields": {"action_time": "2023-11-15T15:26:54.983Z", "user": 1, "content_type": 10, "object_id": "40", "object_repr": "ProductInOrder object (40)", "action_flag": 3, "change_message": ""}}, {"model": "admin.logentry", "pk": 87, "fields": {"action_time": "2023-11-15T15:26:55.026Z", "user": 1, "content_type": 10, "object_id": "39", "object_repr": "ProductInOrder object (39)", "action_flag": 3, "change_message": ""}}, {"model": "admin.logentry", "pk": 88, "fields": {"action_time": "2023-11-15T15:26:55.068Z", "user": 1, "content_type": 10, "object_id": "38", "object_repr": "ProductInOrder object (38)", "action_flag": 3, "change_message": ""}}, {"model": "admin.logentry", "pk": 89, "fields": {"action_time": "2023-11-15T15:26:55.121Z", "user": 1, "content_type": 10, "object_id": "37", "object_repr": "ProductInOrder object (37)", "action_flag": 3, "change_message": ""}}, {"model": "admin.logentry", "pk": 90, "fields": {"action_time": "2023-11-15T15:26:55.165Z", "user": 1, "content_type": 10, "object_id": "36", "object_repr": "ProductInOrder object (36)", "action_flag": 3, "change_message": ""}}, {"model": "admin.logentry", "pk": 91, "fields": {"action_time": "2023-11-15T15:26:55.221Z", "user": 1, "content_type": 10, "object_id": "35", "object_repr": "ProductInOrder object (35)", "action_flag": 3, "change_message": ""}}, {"model": "admin.logentry", "pk": 92, "fields": {"action_time": "2023-11-15T15:26:55.267Z", "user": 1, "content_type": 10, "object_id": "30", "object_repr": "ProductInOrder object (30)", "action_flag": 3, "change_message": ""}}, {"model": "admin.logentry", "pk": 93, "fields": {"action_time": "2023-11-15T15:26:55.311Z", "user": 1, "content_type": 10, "object_id": "29", "object_repr": "ProductInOrder object (29)", "action_flag": 3, "change_message": ""}}, {"model": "admin.logentry", "pk": 94, "fields": {"action_time": "2023-11-15T15:26:55.382Z", "user": 1, "content_type": 10, "object_id": "28", "object_repr": "ProductInOrder object (28)", "action_flag": 3, "change_message": ""}}, {"model": "admin.logentry", "pk": 95, "fields": {"action_time": "2023-11-15T15:26:55.428Z", "user": 1, "content_type": 10, "object_id": "27", "object_repr": "ProductInOrder object (27)", "action_flag": 3, "change_message": ""}}, {"model": "admin.logentry", "pk": 96, "fields": {"action_time": "2023-11-15T15:26:55.468Z", "user": 1, "content_type": 10, "object_id": "26", "object_repr": "ProductInOrder object (26)", "action_flag": 3, "change_message": ""}}, {"model": "admin.logentry", "pk": 97, "fields": {"action_time": "2023-11-15T15:26:55.515Z", "user": 1, "content_type": 10, "object_id": "25", "object_repr": "ProductInOrder object (25)", "action_flag": 3, "change_message": ""}}, {"model": "admin.logentry", "pk": 98, "fields": {"action_time": "2023-11-15T15:26:55.564Z", "user": 1, "content_type": 10, "object_id": "24", "object_repr": "ProductInOrder object (24)", "action_flag": 3, "change_message": ""}}, {"model": "admin.logentry", "pk": 99, "fields": {"action_time": "2023-11-16T16:23:21.598Z", "user": 1, "content_type": 10, "object_id": "54", "object_repr": "ProductInOrder object (54)", "action_flag": 3, "change_message": ""}}, {"model": "admin.logentry", "pk": 100, "fields": {"action_time": "2023-11-16T16:23:21.671Z", "user": 1, "content_type": 10, "object_id": "52", "object_repr": "ProductInOrder object (52)", "action_flag": 3, "change_message": ""}}, {"model": "admin.logentry", "pk": 101, "fields": {"action_time": "2023-11-16T16:23:21.705Z", "user": 1, "content_type": 10, "object_id": "50", "object_repr": "ProductInOrder object (50)", "action_flag": 3, "change_message": ""}}, {"model": "admin.logentry", "pk": 102, "fields": {"action_time": "2023-11-16T16:23:21.740Z", "user": 1, "content_type": 10, "object_id": "49", "object_repr": "ProductInOrder object (49)", "action_flag": 3, "change_message": ""}}, {"model": "admin.logentry", "pk": 103, "fields": {"action_time": "2023-11-16T16:23:21.777Z", "user": 1, "content_type": 10, "object_id": "48", "object_repr": "ProductInOrder object (48)", "action_flag": 3, "change_message": ""}}, {"model": "admin.logentry", "pk": 104, "fields": {"action_time": "2023-11-16T16:23:21.812Z", "user": 1, "content_type": 10, "object_id": "47", "object_repr": "ProductInOrder object (47)", "action_flag": 3, "change_message": ""}}, {"model": "admin.logentry", "pk": 105, "fields": {"action_time": "2023-11-16T16:23:21.881Z", "user": 1, "content_type": 10, "object_id": "45", "object_repr": "ProductInOrder object (45)", "action_flag": 3, "change_message": ""}}, {"model": "admin.logentry", "pk": 106, "fields": {"action_time": "2023-11-16T16:23:21.915Z", "user": 1, "content_type": 10, "object_id": "42", "object_repr": "ProductInOrder object (42)", "action_flag": 3, "change_message": ""}}, {"model": "admin.logentry", "pk": 107, "fields": {"action_time": "2023-11-16T16:23:21.949Z", "user": 1, "content_type": 10, "object_id": "34", "object_repr": "ProductInOrder object (34)", "action_flag": 3, "change_message": ""}}, {"model": "admin.logentry", "pk": 108, "fields": {"action_time": "2023-11-16T16:23:21.984Z", "user": 1, "content_type": 10, "object_id": "33", "object_repr": "ProductInOrder object (33)", "action_flag": 3, "change_message": ""}}, {"model": "admin.logentry", "pk": 109, "fields": {"action_time": "2023-11-16T16:23:56.560Z", "user": 1, "content_type": 10, "object_id": "31", "object_repr": "ProductInOrder object (31)", "action_flag": 3, "change_message": ""}}, {"model": "admin.logentry", "pk": 110, "fields": {"action_time": "2023-11-16T16:23:56.973Z", "user": 1, "content_type": 10, "object_id": "22", "object_repr": "ProductInOrder object (22)", "action_flag": 3, "change_message": ""}}, {"model": "admin.logentry", "pk": 111, "fields": {"action_time": "2023-11-16T16:23:57.008Z", "user": 1, "content_type": 10, "object_id": "18", "object_repr": "ProductInOrder object (18)", "action_flag": 3, "change_message": ""}}, {"model": "admin.logentry", "pk": 112, "fields": {"action_time": "2023-11-16T16:24:23.332Z", "user": 1, "content_type": 10, "object_id": "19", "object_repr": "ProductInOrder object (19)", "action_flag": 3, "change_message": ""}}, {"model": "admin.logentry", "pk": 113, "fields": {"action_time": "2023-11-16T17:12:38.285Z", "user": 1, "content_type": 10, "object_id": "20", "object_repr": "ProductInOrder object (20)", "action_flag": 3, "change_message": ""}}, {"model": "admin.logentry", "pk": 114, "fields": {"action_time": "2023-11-27T14:17:45.196Z", "user": 1, "content_type": 8, "object_id": "6", "object_repr": "order number ╣6", "action_flag": 2, "change_message": "[{\"changed\": {\"fields\": [\"Total price\"]}}]"}}, {"model": "admin.logentry", "pk": 115, "fields": {"action_time": "2023-11-27T14:17:49.816Z", "user": 1, "content_type": 8, "object_id": "6", "object_repr": "order number ╣6", "action_flag": 2, "change_message": "[]"}}, {"model": "admin.logentry", "pk": 116, "fields": {"action_time": "2023-11-27T14:17:55.058Z", "user": 1, "content_type": 8, "object_id": "6", "object_repr": "order number ╣6", "action_flag": 2, "change_message": "[]"}}, {"model": "admin.logentry", "pk": 117, "fields": {"action_time": "2023-11-27T14:18:00.043Z", "user": 1, "content_type": 8, "object_id": "5", "object_repr": "order number ╣5", "action_flag": 2, "change_message": "[{\"changed\": {\"fields\": [\"Total price\"]}}]"}}, {"model": "admin.logentry", "pk": 118, "fields": {"action_time": "2023-11-27T14:18:09.909Z", "user": 1, "content_type": 8, "object_id": "5", "object_repr": "order number ╣5", "action_flag": 2, "change_message": "[{\"changed\": {\"fields\": [\"Items amount\"]}}]"}}, {"model": "admin.logentry", "pk": 119, "fields": {"action_time": "2023-11-27T14:18:15.089Z", "user": 1, "content_type": 8, "object_id": "6", "object_repr": "order number ╣6", "action_flag": 2, "change_message": "[{\"changed\": {\"fields\": [\"Items amount\"]}}]"}}, {"model": "admin.logentry", "pk": 120, "fields": {"action_time": "2023-11-27T14:20:37.411Z", "user": 1, "content_type": 8, "object_id": "5", "object_repr": "order number ╣5", "action_flag": 2, "change_message": "[{\"changed\": {\"fields\": [\"Items amount\", \"Total price\"]}}]"}}, {"model": "admin.logentry", "pk": 121, "fields": {"action_time": "2023-11-27T14:22:15.181Z", "user": 1, "content_type": 8, "object_id": "5", "object_repr": "order number ╣5", "action_flag": 2, "change_message": "[{\"changed\": {\"fields\": [\"Items amount\", \"Total price\"]}}]"}}, {"model": "admin.logentry", "pk": 122, "fields": {"action_time": "2023-11-28T15:03:07.108Z", "user": 1, "content_type": 8, "object_id": "6", "object_repr": "order number ╣6", "action_flag": 2, "change_message": "[{\"changed\": {\"fields\": [\"Items amount\", \"Total price\"]}}]"}}, {"model": "admin.logentry", "pk": 123, "fields": {"action_time": "2023-11-28T15:04:18.677Z", "user": 1, "content_type": 8, "object_id": "6", "object_repr": "order number ╣6", "action_flag": 3, "change_message": ""}}, {"model": "admin.logentry", "pk": 124, "fields": {"action_time": "2023-11-28T15:08:24.686Z", "user": 1, "content_type": 10, "object_id": "101", "object_repr": "ProductInOrder object (101)", "action_flag": 2, "change_message": "[]"}}, {"model": "admin.logentry", "pk": 125, "fields": {"action_time": "2023-11-28T15:08:30.518Z", "user": 1, "content_type": 10, "object_id": "105", "object_repr": "ProductInOrder object (105)", "action_flag": 2, "change_message": "[]"}}, {"model": "admin.logentry", "pk": 126, "fields": {"action_time": "2023-11-28T15:08:59.305Z", "user": 1, "content_type": 10, "object_id": "101", "object_repr": "ProductInOrder object (101)", "action_flag": 2, "change_message": "[]"}}, {"model": "admin.logentry", "pk": 127, "fields": {"action_time": "2023-11-28T15:10:08.342Z", "user": 1, "content_type": 10, "object_id": "105", "object_repr": "ProductInOrder object (105)", "action_flag": 2, "change_message": "[]"}}, {"model": "admin.logentry", "pk": 128, "fields": {"action_time": "2023-11-28T15:10:16.042Z", "user": 1, "content_type": 10, "object_id": "101", "object_repr": "ProductInOrder object (101)", "action_flag": 2, "change_message": "[]"}}, {"model": "admin.logentry", "pk": 129, "fields": {"action_time": "2023-11-28T15:27:23.463Z", "user": 1, "content_type": 4, "object_id": "6", "object_repr": "dima", "action_flag": 3, "change_message": ""}}, {"model": "admin.logentry", "pk": 130, "fields": {"action_time": "2023-11-28T15:27:23.522Z", "user": 1, "content_type": 4, "object_id": "8", "object_repr": "dimartart", "action_flag": 3, "change_message": ""}}, {"model": "admin.logentry", "pk": 131, "fields": {"action_time": "2023-11-28T15:27:23.560Z", "user": 1, "content_type": 4, "object_id": "7", "object_repr": "dmitrii", "action_flag": 3, "change_message": ""}}, {"model": "admin.logentry", "pk": 132, "fields": {"action_time": "2023-11-28T15:27:48.264Z", "user": 1, "content_type": 10, "object_id": "109", "object_repr": "ProductInOrder object (109)", "action_flag": 3, "change_message": ""}}, {"model": "admin.logentry", "pk": 133, "fields": {"action_time": "2023-11-28T15:27:48.321Z", "user": 1, "content_type": 10, "object_id": "108", "object_repr": "ProductInOrder object (108)", "action_flag": 3, "change_message": ""}}, {"model": "admin.logentry", "pk": 134, "fields": {"action_time": "2023-11-28T15:27:48.356Z", "user": 1, "content_type": 10, "object_id": "105", "object_repr": "ProductInOrder object (105)", "action_flag": 3, "change_message": ""}}, {"model": "admin.logentry", "pk": 135, "fields": {"action_time": "2023-11-28T15:27:59.629Z", "user": 1, "content_type": 8, "object_id": "9", "object_repr": "order number ╣9", "action_flag": 3, "change_message": ""}}, {"model": "admin.logentry", "pk": 136, "fields": {"action_time": "2023-11-28T15:27:59.662Z", "user": 1, "content_type": 8, "object_id": "8", "object_repr": "order number ╣8", "action_flag": 3, "change_message": ""}}, {"model": "admin.logentry", "pk": 137, "fields": {"action_time": "2023-11-28T15:27:59.696Z", "user": 1, "content_type": 8, "object_id": "7", "object_repr": "order number ╣7", "action_flag": 3, "change_message": ""}}, {"model": "admin.logentry", "pk": 138, "fields": {"action_time": "2023-11-28T15:38:13.398Z", "user": 1, "content_type": 4, "object_id": "12", "object_repr": "den", "action_flag": 3, "change_message": ""}}, {"model": "admin.logentry", "pk": 139, "fields": {"action_time": "2023-11-28T15:38:13.452Z", "user": 1, "content_type": 4, "object_id": "9", "object_repr": "dima", "action_flag": 3, "change_message": ""}}, {"model": "admin.logentry", "pk": 140, "fields": {"action_time": "2023-11-28T15:38:13.486Z", "user": 1, "content_type": 4, "object_id": "10", "object_repr": "dimartart", "action_flag": 3, "change_message": ""}}, {"model": "admin.logentry", "pk": 141, "fields": {"action_time": "2023-11-28T15:38:13.526Z", "user": 1, "content_type": 4, "object_id": "13", "object_repr": "ilia", "action_flag": 3, "change_message": ""}}, {"model": "admin.logentry", "pk": 142, "fields": {"action_time": "2023-11-28T15:38:13.560Z", "user": 1, "content_type": 4, "object_id": "11", "object_repr": "vanya", "action_flag": 3, "change_message": ""}}, {"model": "admin.logentry", "pk": 143, "fields": {"action_time": "2023-11-28T15:38:23.037Z", "user": 1, "content_type": 10, "object_id": "114", "object_repr": "ProductInOrder object (114)", "action_flag": 3, "change_message": ""}}, {"model": "admin.logentry", "pk": 144, "fields": {"action_time": "2023-11-28T15:38:23.101Z", "user": 1, "content_type": 10, "object_id": "113", "object_repr": "ProductInOrder object (113)", "action_flag": 3, "change_message": ""}}, {"model": "admin.logentry", "pk": 145, "fields": {"action_time": "2023-11-28T15:38:23.134Z", "user": 1, "content_type": 10, "object_id": "112", "object_repr": "ProductInOrder object (112)", "action_flag": 3, "change_message": ""}}, {"model": "admin.logentry", "pk": 146, "fields": {"action_time": "2023-11-28T15:38:23.201Z", "user": 1, "content_type": 10, "object_id": "111", "object_repr": "ProductInOrder object (111)", "action_flag": 3, "change_message": ""}}, {"model": "admin.logentry", "pk": 147, "fields": {"action_time": "2023-11-28T15:38:23.261Z", "user": 1, "content_type": 10, "object_id": "110", "object_repr": "ProductInOrder object (110)", "action_flag": 3, "change_message": ""}}, {"model": "admin.logentry", "pk": 148, "fields": {"action_time": "2023-11-28T15:38:36.214Z", "user": 1, "content_type": 8, "object_id": "13", "object_repr": "order number ╣13", "action_flag": 3, "change_message": ""}}, {"model": "admin.logentry", "pk": 149, "fields": {"action_time": "2023-11-28T15:38:36.281Z", "user": 1, "content_type": 8, "object_id": "12", "object_repr": "order number ╣12", "action_flag": 3, "change_message": ""}}, {"model": "admin.logentry", "pk": 150, "fields": {"action_time": "2023-11-28T15:38:36.317Z", "user": 1, "content_type": 8, "object_id": "11", "object_repr": "order number ╣11", "action_flag": 3, "change_message": ""}}, {"model": "admin.logentry", "pk": 151, "fields": {"action_time": "2023-11-28T15:38:36.352Z", "user": 1, "content_type": 8, "object_id": "10", "object_repr": "order number ╣10", "action_flag": 3, "change_message": ""}}, {"model": "admin.logentry", "pk": 152, "fields": {"action_time": "2023-11-28T17:09:31.033Z", "user": 1, "content_type": 10, "object_id": "125", "object_repr": "ProductInOrder object (125)", "action_flag": 3, "change_message": ""}}, {"model": "admin.logentry", "pk": 153, "fields": {"action_time": "2023-11-28T17:09:37.873Z", "user": 1, "content_type": 8, "object_id": "17", "object_repr": "order number ╣17", "action_flag": 3, "change_message": ""}}, {"model": "admin.logentry", "pk": 154, "fields": {"action_time": "2023-11-29T15:02:17.862Z", "user": 1, "content_type": 13, "object_id": "6", "object_repr": "Jordan 4 Retro Military Black 42 size", "action_flag": 3, "change_message": ""}}, {"model": "admin.logentry", "pk": 155, "fields": {"action_time": "2023-11-29T15:02:17.923Z", "user": 1, "content_type": 13, "object_id": "5", "object_repr": "Overhigh floor Triangle 39 size", "action_flag": 3, "change_message": ""}}, {"model": "admin.logentry", "pk": 156, "fields": {"action_time": "2023-11-29T15:02:17.958Z", "user": 1, "content_type": 13, "object_id": "4", "object_repr": "Ultra Demix 38 size", "action_flag": 3, "change_message": ""}}, {"model": "admin.logentry", "pk": 157, "fields": {"action_time": "2023-11-29T15:02:17.993Z", "user": 1, "content_type": 13, "object_id": "3", "object_repr": "Puma Huuma 45 size", "action_flag": 3, "change_message": ""}}, {"model": "admin.logentry", "pk": 158, "fields": {"action_time": "2023-11-29T15:02:18.028Z", "user": 1, "content_type": 13, "object_id": "2", "object_repr": "Unreal Engine 41 size", "action_flag": 3, "change_message": ""}}, {"model": "admin.logentry", "pk": 159, "fields": {"action_time": "2023-11-29T15:02:18.065Z", "user": 1, "content_type": 13, "object_id": "1", "object_repr": "Jordan 4 Retro Military Black 40 size", "action_flag": 3, "change_message": ""}}, {"model": "admin.logentry", "pk": 160, "fields": {"action_time": "2023-11-29T15:02:24.362Z", "user": 1, "content_type": 10, "object_id": "129", "object_repr": "ProductInOrder object (129)", "action_flag": 3, "change_message": ""}}, {"model": "admin.logentry", "pk": 161, "fields": {"action_time": "2023-11-29T15:02:24.417Z", "user": 1, "content_type": 10, "object_id": "128", "object_repr": "ProductInOrder object (128)", "action_flag": 3, "change_message": ""}}, {"model": "admin.logentry", "pk": 162, "fields": {"action_time": "2023-11-29T15:02:24.452Z", "user": 1, "content_type": 10, "object_id": "127", "object_repr": "ProductInOrder object (127)", "action_flag": 3, "change_message": ""}}, {"model": "admin.logentry", "pk": 163, "fields": {"action_time": "2023-11-29T15:02:24.488Z", "user": 1, "content_type": 10, "object_id": "122", "object_repr": "ProductInOrder object (122)", "action_flag": 3, "change_message": ""}}, {"model": "admin.logentry", "pk": 164, "fields": {"action_time": "2023-11-29T15:02:24.523Z", "user": 1, "content_type": 10, "object_id": "121", "object_repr": "ProductInOrder object (121)", "action_flag": 3, "change_message": ""}}, {"model": "admin.logentry", "pk": 165, "fields": {"action_time": "2023-11-29T15:02:24.558Z", "user": 1, "content_type": 10, "object_id": "120", "object_repr": "ProductInOrder object (120)", "action_flag": 3, "change_message": ""}}, {"model": "admin.logentry", "pk": 166, "fields": {"action_time": "2023-11-29T15:02:24.592Z", "user": 1, "content_type": 10, "object_id": "118", "object_repr": "ProductInOrder object (118)", "action_flag": 3, "change_message": ""}}, {"model": "admin.logentry", "pk": 167, "fields": {"action_time": "2023-11-29T15:02:24.627Z", "user": 1, "content_type": 10, "object_id": "115", "object_repr": "ProductInOrder object (115)", "action_flag": 3, "change_message": ""}}, {"model": "admin.logentry", "pk": 168, "fields": {"action_time": "2023-11-29T15:02:24.662Z", "user": 1, "content_type": 10, "object_id": "101", "object_repr": "ProductInOrder object (101)", "action_flag": 3, "change_message": ""}}, {"model": "admin.logentry", "pk": 169, "fields": {"action_time": "2023-11-29T15:02:31.211Z", "user": 1, "content_type": 8, "object_id": "18", "object_repr": "order number ╣18", "action_flag": 3, "change_message": ""}}, {"model": "admin.logentry", "pk": 170, "fields": {"action_time": "2023-11-29T15:02:31.258Z", "user": 1, "content_type": 8, "object_id": "16", "object_repr": "order number ╣16", "action_flag": 3, "change_message": ""}}, {"model": "admin.logentry", "pk": 171, "fields": {"action_time": "2023-11-29T15:02:31.294Z", "user": 1, "content_type": 8, "object_id": "15", "object_repr": "order number ╣15", "action_flag": 3, "change_message": ""}}, {"model": "admin.logentry", "pk": 172, "fields": {"action_time": "2023-11-29T15:02:31.328Z", "user": 1, "content_type": 8, "object_id": "14", "object_repr": "order number ╣14", "action_flag": 3, "change_message": ""}}, {"model": "admin.logentry", "pk": 173, "fields": {"action_time": "2023-11-29T15:02:31.363Z", "user": 1, "content_type": 8, "object_id": "5", "object_repr": "order number ╣5", "action_flag": 3, "change_message": ""}}, {"model": "admin.logentry", "pk": 174, "fields": {"action_time": "2023-11-29T15:02:40.544Z", "user": 1, "content_type": 4, "object_id": "14", "object_repr": "den", "action_flag": 3, "change_message": ""}}, {"model": "admin.logentry", "pk": 175, "fields": {"action_time": "2023-11-29T15:02:40.611Z", "user": 1, "content_type": 4, "object_id": "17", "object_repr": "dron", "action_flag": 3, "change_message": ""}}, {"model": "admin.logentry", "pk": 176, "fields": {"action_time": "2023-11-29T15:02:40.646Z", "user": 1, "content_type": 4, "object_id": "16", "object_repr": "jan", "action_flag": 3, "change_message": ""}}, {"model": "admin.logentry", "pk": 177, "fields": {"action_time": "2023-11-29T15:02:40.680Z", "user": 1, "content_type": 4, "object_id": "15", "object_repr": "polina", "action_flag": 3, "change_message": ""}}, {"model": "admin.logentry", "pk": 178, "fields": {"action_time": "2023-11-29T15:02:51.029Z", "user": 1, "content_type": 9, "object_id": "6", "object_repr": "Ztor 1223", "action_flag": 3, "change_message": ""}}, {"model": "admin.logentry", "pk": 179, "fields": {"action_time": "2023-11-29T15:02:51.098Z", "user": 1, "content_type": 9, "object_id": "5", "object_repr": "Overhigh floor Triangle", "action_flag": 3, "change_message": ""}}, {"model": "admin.logentry", "pk": 180, "fields": {"action_time": "2023-11-29T15:02:51.132Z", "user": 1, "content_type": 9, "object_id": "4", "object_repr": "Ultra Demix", "action_flag": 3, "change_message": ""}}, {"model": "admin.logentry", "pk": 181, "fields": {"action_time": "2023-11-29T15:02:51.168Z", "user": 1, "content_type": 9, "object_id": "3", "object_repr": "Puma Huuma", "action_flag": 3, "change_message": ""}}, {"model": "admin.logentry", "pk": 182, "fields": {"action_time": "2023-11-29T15:02:51.450Z", "user": 1, "content_type": 9, "object_id": "2", "object_repr": "Unreal Engine", "action_flag": 3, "change_message": ""}}, {"model": "admin.logentry", "pk": 183, "fields": {"action_time": "2023-11-29T15:02:51.482Z", "user": 1, "content_type": 9, "object_id": "1", "object_repr": "Jordan 4 Retro Military Black", "action_flag": 3, "change_message": ""}}, {"model": "admin.logentry", "pk": 184, "fields": {"action_time": "2023-11-29T15:06:04.872Z", "user": 1, "content_type": 9, "object_id": "9", "object_repr": "Alphaboost V1 Sustainable BOOST Lifestyle Running Shoes", "action_flag": 1, "change_message": "[{\"added\": {}}]"}}, {"model": "admin.logentry", "pk": 185, "fields": {"action_time": "2023-11-29T15:06:19.505Z", "user": 1, "content_type": 13, "object_id": "7", "object_repr": "Alphaboost V1 Sustainable BOOST Lifestyle Running Shoes 40 size", "action_flag": 1, "change_message": "[{\"added\": {}}]"}}, {"model": "admin.logentry", "pk": 186, "fields": {"action_time": "2023-11-29T15:06:27.508Z", "user": 1, "content_type": 13, "object_id": "8", "object_repr": "Alphaboost V1 Sustainable BOOST Lifestyle Running Shoes 41 size", "action_flag": 1, "change_message": "[{\"added\": {}}]"}}, {"model": "admin.logentry", "pk": 187, "fields": {"action_time": "2023-11-29T15:06:37.465Z", "user": 1, "content_type": 13, "object_id": "9", "object_repr": "Alphaboost V1 Sustainable BOOST Lifestyle Running Shoes 42 size", "action_flag": 1, "change_message": "[{\"added\": {}}]"}}, {"model": "admin.logentry", "pk": 188, "fields": {"action_time": "2023-11-29T15:06:46.188Z", "user": 1, "content_type": 13, "object_id": "10", "object_repr": "Alphaboost V1 Sustainable BOOST Lifestyle Running Shoes 43 size", "action_flag": 1, "change_message": "[{\"added\": {}}]"}}, {"model": "admin.logentry", "pk": 189, "fields": {"action_time": "2023-11-29T15:06:55.262Z", "user": 1, "content_type": 13, "object_id": "11", "object_repr": "Alphaboost V1 Sustainable BOOST Lifestyle Running Shoes 44 size", "action_flag": 1, "change_message": "[{\"added\": {}}]"}}, {"model": "admin.logentry", "pk": 190, "fields": {"action_time": "2023-11-29T15:07:02.057Z", "user": 1, "content_type": 13, "object_id": "12", "object_repr": "Alphaboost V1 Sustainable BOOST Lifestyle Running Shoes 45 size", "action_flag": 1, "change_message": "[{\"added\": {}}]"}}, {"model": "admin.logentry", "pk": 191, "fields": {"action_time": "2023-11-29T15:13:35.628Z", "user": 1, "content_type": 9, "object_id": "10", "object_repr": "Alphabounce+ Sustainable Bounce Lifestyle Running Shoes", "action_flag": 1, "change_message": "[{\"added\": {}}]"}}, {"model": "admin.logentry", "pk": 192, "fields": {"action_time": "2023-11-29T15:14:00.265Z", "user": 1, "content_type": 13, "object_id": "13", "object_repr": "Alphabounce+ Sustainable Bounce Lifestyle Running Shoes 43 size", "action_flag": 1, "change_message": "[{\"added\": {}}]"}}, {"model": "admin.logentry", "pk": 193, "fields": {"action_time": "2023-11-29T15:14:08.975Z", "user": 1, "content_type": 13, "object_id": "14", "object_repr": "Alphabounce+ Sustainable Bounce Lifestyle Running Shoes 44 size", "action_flag": 1, "change_message": "[{\"added\": {}}]"}}, {"model": "admin.logentry", "pk": 194, "fields": {"action_time": "2023-11-29T15:14:16.387Z", "user": 1, "content_type": 13, "object_id": "15", "object_repr": "Alphabounce+ Sustainable Bounce Lifestyle Running Shoes 45 size", "action_flag": 1, "change_message": "[{\"added\": {}}]"}}, {"model": "admin.logentry", "pk": 195, "fields": {"action_time": "2023-11-29T15:16:57.819Z", "user": 1, "content_type": 9, "object_id": "11", "object_repr": "Jeans Shoes GY7413", "action_flag": 1, "change_message": "[{\"added\": {}}]"}}, {"model": "admin.logentry", "pk": 196, "fields": {"action_time": "2023-11-29T15:17:15.698Z", "user": 1, "content_type": 13, "object_id": "16", "object_repr": "Jeans Shoes GY7413 41 size", "action_flag": 1, "change_message": "[{\"added\": {}}]"}}, {"model": "admin.logentry", "pk": 197, "fields": {"action_time": "2023-11-29T15:17:22.855Z", "user": 1, "content_type": 13, "object_id": "17", "object_repr": "Jeans Shoes GY7413 42 size", "action_flag": 1, "change_message": "[{\"added\": {}}]"}}, {"model": "admin.logentry", "pk": 198, "fields": {"action_time": "2023-11-29T15:17:29.420Z", "user": 1, "content_type": 13, "object_id": "18", "object_repr": "Jeans Shoes GY7413 43 size", "action_flag": 1, "change_message": "[{\"added\": {}}]"}}, {"model": "admin.logentry", "pk": 199, "fields": {"action_time": "2023-11-29T15:17:36.376Z", "user": 1, "content_type": 13, "object_id": "19", "object_repr": "Jeans Shoes GY7413 44 size", "action_flag": 1, "change_message": "[{\"added\": {}}]"}}, {"model": "admin.logentry", "pk": 200, "fields": {"action_time": "2023-11-29T15:19:19.462Z", "user": 1, "content_type": 9, "object_id": "10", "object_repr": "Alphabounce+ Sustainable Bounce", "action_flag": 2, "change_message": "[{\"changed\": {\"fields\": [\"Model name\"]}}]"}}, {"model": "admin.logentry", "pk": 201, "fields": {"action_time": "2023-11-29T15:19:41.870Z", "user": 1, "content_type": 9, "object_id": "9", "object_repr": "Alphaboost V1 Sustainable BOOST", "action_flag": 2, "change_message": "[{\"changed\": {\"fields\": [\"Model name\", \"URL\"]}}]"}}, {"model": "admin.logentry", "pk": 202, "fields": {"action_time": "2023-11-29T15:19:51.080Z", "user": 1, "content_type": 9, "object_id": "10", "object_repr": "Alphabounce+ Sustainable Bounce", "action_flag": 2, "change_message": "[{\"changed\": {\"fields\": [\"URL\"]}}]"}}, {"model": "admin.logentry", "pk": 203, "fields": {"action_time": "2023-11-29T15:24:32.676Z", "user": 1, "content_type": 9, "object_id": "12", "object_repr": "Multix GW6835", "action_flag": 1, "change_message": "[{\"added\": {}}]"}}, {"model": "admin.logentry", "pk": 204, "fields": {"action_time": "2023-11-29T15:24:51.195Z", "user": 1, "content_type": 13, "object_id": "20", "object_repr": "Multix GW6835 40 size", "action_flag": 1, "change_message": "[{\"added\": {}}]"}}, {"model": "admin.logentry", "pk": 205, "fields": {"action_time": "2023-11-29T15:25:01.611Z", "user": 1, "content_type": 13, "object_id": "21", "object_repr": "Multix GW6835 44 size", "action_flag": 1, "change_message": "[{\"added\": {}}]"}}, {"model": "admin.logentry", "pk": 206, "fields": {"action_time": "2023-11-29T15:26:09.011Z", "user": 1, "content_type": 9, "object_id": "13", "object_repr": "X_PLR Boost Shoes IF2924", "action_flag": 1, "change_message": "[{\"added\": {}}]"}}, {"model": "admin.logentry", "pk": 207, "fields": {"action_time": "2023-11-29T15:26:57.477Z", "user": 1, "content_type": 13, "object_id": "22", "object_repr": "X_PLR Boost Shoes IF2924 40 size", "action_flag": 1, "change_message": "[{\"added\": {}}]"}}, {"model": "admin.logentry", "pk": 208, "fields": {"action_time": "2023-11-29T15:27:04.499Z", "user": 1, "content_type": 13, "object_id": "23", "object_repr": "X_PLR Boost Shoes IF2924 41 size", "action_flag": 1, "change_message": "[{\"added\": {}}]"}}, {"model": "admin.logentry", "pk": 209, "fields": {"action_time": "2023-11-29T15:27:10.755Z", "user": 1, "content_type": 13, "object_id": "24", "object_repr": "X_PLR Boost Shoes IF2924 42 size", "action_flag": 1, "change_message": "[{\"added\": {}}]"}}, {"model": "admin.logentry", "pk": 210, "fields": {"action_time": "2023-11-29T15:27:18.423Z", "user": 1, "content_type": 13, "object_id": "25", "object_repr": "X_PLR Boost Shoes IF2924 43 size", "action_flag": 1, "change_message": "[{\"added\": {}}]"}}, {"model": "admin.logentry", "pk": 211, "fields": {"action_time": "2023-11-29T15:29:21.786Z", "user": 1, "content_type": 9, "object_id": "14", "object_repr": "Air Force 1 Low Blue Patent", "action_flag": 1, "change_message": "[{\"added\": {}}]"}}, {"model": "admin.logentry", "pk": 212, "fields": {"action_time": "2023-11-29T15:31:16.828Z", "user": 1, "content_type": 9, "object_id": "15", "object_repr": "Air Max 98 TL Supreme Black B-Grade", "action_flag": 1, "change_message": "[{\"added\": {}}]"}}, {"model": "admin.logentry", "pk": 213, "fields": {"action_time": "2023-11-29T15:32:27.515Z", "user": 1, "content_type": 9, "object_id": "16", "object_repr": "Nike Dunk Low Green Glow B-Grade", "action_flag": 1, "change_message": "[{\"added\": {}}]"}}, {"model": "admin.logentry", "pk": 214, "fields": {"action_time": "2023-11-29T15:34:26.545Z", "user": 1, "content_type": 9, "object_id": "15", "object_repr": "Air Max 98 TL Supreme Black B-Grade", "action_flag": 2, "change_message": "[{\"changed\": {\"fields\": [\"Photo\"]}}]"}}, {"model": "admin.logentry", "pk": 215, "fields": {"action_time": "2023-11-29T15:37:06.331Z", "user": 1, "content_type": 9, "object_id": "17", "object_repr": "Nike Dunk Low Midnight Navy University Blue", "action_flag": 1, "change_message": "[{\"added\": {}}]"}}, {"model": "admin.logentry", "pk": 216, "fields": {"action_time": "2023-11-29T15:38:25.783Z", "user": 1, "content_type": 9, "object_id": "18", "object_repr": "Nike Dunk Low Retro Reverse Brazil B-Grade", "action_flag": 1, "change_message": "[{\"added\": {}}]"}}, {"model": "admin.logentry", "pk": 217, "fields": {"action_time": "2023-11-29T15:40:53.682Z", "user": 1, "content_type": 13, "object_id": "26", "object_repr": "Air Force 1 Low Blue Patent 40 size", "action_flag": 1, "change_message": "[{\"added\": {}}]"}}, {"model": "admin.logentry", "pk": 218, "fields": {"action_time": "2023-11-29T15:41:03.120Z", "user": 1, "content_type": 13, "object_id": "27", "object_repr": "Air Force 1 Low Blue Patent 42 size", "action_flag": 1, "change_message": "[{\"added\": {}}]"}}, {"model": "admin.logentry", "pk": 219, "fields": {"action_time": "2023-11-29T15:41:11.722Z", "user": 1, "content_type": 13, "object_id": "28", "object_repr": "Air Force 1 Low Blue Patent 43 size", "action_flag": 1, "change_message": "[{\"added\": {}}]"}}, {"model": "admin.logentry", "pk": 220, "fields": {"action_time": "2023-11-29T15:41:25.116Z", "user": 1, "content_type": 13, "object_id": "29", "object_repr": "Air Max 98 TL Supreme Black B-Grade 45 size", "action_flag": 1, "change_message": "[{\"added\": {}}]"}}, {"model": "admin.logentry", "pk": 221, "fields": {"action_time": "2023-11-29T15:41:34.095Z", "user": 1, "content_type": 13, "object_id": "30", "object_repr": "Nike Dunk Low Green Glow B-Grade 39 size", "action_flag": 1, "change_message": "[{\"added\": {}}]"}}, {"model": "admin.logentry", "pk": 222, "fields": {"action_time": "2023-11-29T15:41:48.047Z", "user": 1, "content_type": 13, "object_id": "31", "object_repr": "Nike Dunk Low Green Glow B-Grade 40 size", "action_flag": 1, "change_message": "[{\"added\": {}}]"}}, {"model": "admin.logentry", "pk": 223, "fields": {"action_time": "2023-11-29T15:41:59.575Z", "user": 1, "content_type": 13, "object_id": "32", "object_repr": "Nike Dunk Low Green Glow B-Grade 42 size", "action_flag": 1, "change_message": "[{\"added\": {}}]"}}, {"model": "admin.logentry", "pk": 224, "fields": {"action_time": "2023-11-29T15:42:17.014Z", "user": 1, "content_type": 13, "object_id": "33", "object_repr": "Nike Dunk Low Midnight Navy University Blue 44 size", "action_flag": 1, "change_message": "[{\"added\": {}}]"}}, {"model": "admin.logentry", "pk": 225, "fields": {"action_time": "2023-11-29T15:42:27.764Z", "user": 1, "content_type": 13, "object_id": "34", "object_repr": "Nike Dunk Low Midnight Navy University Blue 45 size", "action_flag": 1, "change_message": "[{\"added\": {}}]"}}, {"model": "admin.logentry", "pk": 226, "fields": {"action_time": "2023-11-29T15:42:55.927Z", "user": 1, "content_type": 13, "object_id": "35", "object_repr": "Nike Dunk Low Retro Reverse Brazil B-Grade 39 size", "action_flag": 1, "change_message": "[{\"added\": {}}]"}}, {"model": "admin.logentry", "pk": 227, "fields": {"action_time": "2023-11-29T15:43:05.723Z", "user": 1, "content_type": 13, "object_id": "36", "object_repr": "Nike Dunk Low Retro Reverse Brazil B-Grade 40 size", "action_flag": 1, "change_message": "[{\"added\": {}}]"}}, {"model": "admin.logentry", "pk": 228, "fields": {"action_time": "2023-11-29T15:43:12.366Z", "user": 1, "content_type": 13, "object_id": "37", "object_repr": "Nike Dunk Low Retro Reverse Brazil B-Grade 41 size", "action_flag": 1, "change_message": "[{\"added\": {}}]"}}, {"model": "admin.logentry", "pk": 229, "fields": {"action_time": "2023-11-29T15:56:42.994Z", "user": 1, "content_type": 9, "object_id": "19", "object_repr": "Men's Shoes Puma RS-X 3", "action_flag": 1, "change_message": "[{\"added\": {}}]"}}, {"model": "admin.logentry", "pk": 230, "fields": {"action_time": "2023-11-29T15:58:13.624Z", "user": 1, "content_type": 9, "object_id": "20", "object_repr": "PUMA PRO WHITEAQUA-SUN", "action_flag": 1, "change_message": "[{\"added\": {}}]"}}, {"model": "admin.logentry", "pk": 231, "fields": {"action_time": "2023-11-29T15:59:21.531Z", "user": 1, "content_type": 9, "object_id": "21", "object_repr": "PUMA Womens Kosmo Rider", "action_flag": 1, "change_message": "[{\"added\": {}}]"}}, {"model": "admin.logentry", "pk": 232, "fields": {"action_time": "2023-11-29T16:00:38.698Z", "user": 1, "content_type": 9, "object_id": "22", "object_repr": "Sport shoes sneakers Puma Caven 2.0 MID", "action_flag": 1, "change_message": "[{\"added\": {}}]"}}, {"model": "admin.logentry", "pk": 233, "fields": {"action_time": "2023-11-29T16:01:39.205Z", "user": 1, "content_type": 9, "object_id": "23", "object_repr": "Jordan Aj1 Mid", "action_flag": 1, "change_message": "[{\"added\": {}}]"}}, {"model": "admin.logentry", "pk": 234, "fields": {"action_time": "2023-11-29T16:03:49.828Z", "user": 1, "content_type": 9, "object_id": "21", "object_repr": "PUMA Womens Kosmo Rider", "action_flag": 2, "change_message": "[{\"changed\": {\"fields\": [\"Photo\"]}}]"}}, {"model": "admin.logentry", "pk": 235, "fields": {"action_time": "2023-11-29T16:05:03.360Z", "user": 1, "content_type": 9, "object_id": "21", "object_repr": "PUMA Womens Kosmo Rider", "action_flag": 2, "change_message": "[{\"changed\": {\"fields\": [\"Photo\"]}}]"}}, {"model": "admin.logentry", "pk": 236, "fields": {"action_time": "2023-11-29T16:05:48.960Z", "user": 1, "content_type": 13, "object_id": "38", "object_repr": "Men's Shoes Puma RS-X 3 44 size", "action_flag": 1, "change_message": "[{\"added\": {}}]"}}, {"model": "admin.logentry", "pk": 237, "fields": {"action_time": "2023-11-29T16:06:00.573Z", "user": 1, "content_type": 13, "object_id": "39", "object_repr": "Men's Shoes Puma RS-X 3 43 size", "action_flag": 1, "change_message": "[{\"added\": {}}]"}}, {"model": "admin.logentry", "pk": 238, "fields": {"action_time": "2023-11-29T16:06:19.994Z", "user": 1, "content_type": 13, "object_id": "40", "object_repr": "PUMA PRO WHITEAQUA-SUN 41 size", "action_flag": 1, "change_message": "[{\"added\": {}}]"}}, {"model": "admin.logentry", "pk": 239, "fields": {"action_time": "2023-11-29T16:06:28.386Z", "user": 1, "content_type": 13, "object_id": "41", "object_repr": "PUMA PRO WHITEAQUA-SUN 42 size", "action_flag": 1, "change_message": "[{\"added\": {}}]"}}, {"model": "admin.logentry", "pk": 240, "fields": {"action_time": "2023-11-29T16:06:37.058Z", "user": 1, "content_type": 13, "object_id": "42", "object_repr": "PUMA PRO WHITEAQUA-SUN 43 size", "action_flag": 1, "change_message": "[{\"added\": {}}]"}}, {"model": "admin.logentry", "pk": 241, "fields": {"action_time": "2023-11-29T16:06:44.301Z", "user": 1, "content_type": 13, "object_id": "43", "object_repr": "PUMA PRO WHITEAQUA-SUN 44 size", "action_flag": 1, "change_message": "[{\"added\": {}}]"}}, {"model": "admin.logentry", "pk": 242, "fields": {"action_time": "2023-11-29T16:07:05.291Z", "user": 1, "content_type": 13, "object_id": "44", "object_repr": "PUMA Womens Kosmo Rider 37 size", "action_flag": 1, "change_message": "[{\"added\": {}}]"}}, {"model": "admin.logentry", "pk": 243, "fields": {"action_time": "2023-11-29T16:07:15.147Z", "user": 1, "content_type": 13, "object_id": "45", "object_repr": "PUMA Womens Kosmo Rider 38 size", "action_flag": 1, "change_message": "[{\"added\": {}}]"}}, {"model": "admin.logentry", "pk": 244, "fields": {"action_time": "2023-11-29T16:07:23.770Z", "user": 1, "content_type": 13, "object_id": "46", "object_repr": "PUMA Womens Kosmo Rider 39 size", "action_flag": 1, "change_message": "[{\"added\": {}}]"}}, {"model": "admin.logentry", "pk": 245, "fields": {"action_time": "2023-11-29T16:07:48.479Z", "user": 1, "content_type": 13, "object_id": "47", "object_repr": "Sport shoes sneakers Puma Caven 2.0 MID 45 size", "action_flag": 1, "change_message": "[{\"added\": {}}]"}}, {"model": "admin.logentry", "pk": 246, "fields": {"action_time": "2023-11-29T16:07:56.150Z", "user": 1, "content_type": 13, "object_id": "48", "object_repr": "Jordan Aj1 Mid 44 size", "action_flag": 1, "change_message": "[{\"added\": {}}]"}}, {"model": "admin.logentry", "pk": 247, "fields": {"action_time": "2023-11-29T16:08:02.723Z", "user": 1, "content_type": 13, "object_id": "49", "object_repr": "Jordan Aj1 Mid 45 size", "action_flag": 1, "change_message": "[{\"added\": {}}]"}}, {"model": "admin.logentry", "pk": 248, "fields": {"action_time": "2023-11-29T16:08:14.050Z", "user": 1, "content_type": 13, "object_id": "50", "object_repr": "Jordan Aj1 Mid 46 size", "action_flag": 1, "change_message": "[{\"added\": {}}]"}}, {"model": "admin.logentry", "pk": 249, "fields": {"action_time": "2023-11-29T17:05:52.830Z", "user": 1, "content_type": 9, "object_id": "23", "object_repr": "Jordan Aj1 Mid", "action_flag": 2, "change_message": "[{\"changed\": {\"fields\": [\"Photo\"]}}]"}}, {"model": "admin.logentry", "pk": 250, "fields": {"action_time": "2023-11-29T17:06:35.334Z", "user": 1, "content_type": 9, "object_id": "23", "object_repr": "Jordan Aj1 Mid", "action_flag": 2, "change_message": "[{\"changed\": {\"fields\": [\"Photo\"]}}]"}}, {"model": "admin.logentry", "pk": 251, "fields": {"action_time": "2023-11-29T17:11:27.454Z", "user": 1, "content_type": 13, "object_id": "38", "object_repr": "Men's Shoes Puma RS-X 3 44 size", "action_flag": 3, "change_message": ""}}, {"model": "admin.logentry", "pk": 252, "fields": {"action_time": "2023-11-29T17:11:44.285Z", "user": 1, "content_type": 13, "object_id": "39", "object_repr": "Men's Shoes Puma RS-X 3 43 size", "action_flag": 3, "change_message": ""}}, {"model": "admin.logentry", "pk": 253, "fields": {"action_time": "2023-11-29T17:11:53.698Z", "user": 1, "content_type": 9, "object_id": "19", "object_repr": "Men's Shoes Puma RS-X 3", "action_flag": 3, "change_message": ""}}, {"model": "admin.logentry", "pk": 254, "fields": {"action_time": "2023-11-29T17:13:37.718Z", "user": 1, "content_type": 9, "object_id": "24", "object_repr": "Puma RSX 3", "action_flag": 1, "change_message": "[{\"added\": {}}]"}}, {"model": "admin.logentry", "pk": 255, "fields": {"action_time": "2023-11-29T17:13:54.213Z", "user": 1, "content_type": 13, "object_id": "51", "object_repr": "Puma RSX 3 45 size", "action_flag": 1, "change_message": "[{\"added\": {}}]"}}, {"model": "auth.user", "pk": 1, "fields": {"password": "pbkdf2_sha256$600000$xZSxPfD5Oy18LjR3a1aOPi$ql3k/lfGa1va/wnAT4goeZUwL3yuU08r8GamGEOzhoQ=", "last_login": "2023-12-24T23:19:51.124Z", "is_superuser": true, "username": "root", "first_name": "", "last_name": "", "email": "dimartart3@gmail.com", "is_staff": true, "is_active": true, "date_joined": "2023-09-20T13:55:45.520Z", "groups": [], "user_permissions": []}}, {"model": "auth.user", "pk": 18, "fields": {"password": "pbkdf2_sha256$600000$Uji5xQbRnhzYUUfzOo8SCE$/xTpfDinT19pRuLLjdx45GFaf+DpwpzUhd8Vp5QY++Y=", "last_login": "2023-11-29T16:11:48.316Z", "is_superuser": false, "username": "ivan", "first_name": "", "last_name": "", "email": "", "is_staff": false, "is_active": true, "date_joined": "2023-11-29T16:10:37.545Z", "groups": [], "user_permissions": []}}, {"model": "auth.user", "pk": 19, "fields": {"password": "pbkdf2_sha256$600000$d83iJSlwHEi96c5uiwgqdt$8fH8GfcYK3mU6Xvv5vGgoQmkgZ4m8rvFLNFr89uAJjI=", "last_login": "2023-11-29T17:15:01.179Z", "is_superuser": false, "username": "dima", "first_name": "", "last_name": "", "email": "", "is_staff": false, "is_active": true, "date_joined": "2023-11-29T17:15:00.657Z", "groups": [], "user_permissions": []}}, {"model": "auth.user", "pk": 20, "fields": {"password": "pbkdf2_sha256$600000$0nexlsZQhHMxwwJW817j0L$hxSCaNb3oe9jTr61v8g5O9uzt7QUFvk76lRNMZEV0Qs=", "last_login": "2023-12-24T20:29:25.087Z", "is_superuser": false, "username": "artem", "first_name": "", "last_name": "", "email": "", "is_staff": false, "is_active": true, "date_joined": "2023-12-24T20:29:24.483Z", "groups": [], "user_permissions": []}}, {"model": "sessions.session", "pk": "4jtqqnhxr3wsimoodmsoggkveq9vw4ov", "fields": {"session_data": ".eJxVjMsOwiAQRf-FtSEpMzDg0r3f0AwMlaqlSR8r478rSRe6vefc81I971vp9zUv_SjqrLqgTr9j5PTItRG5c73NOs11W8aom6IPuurrLPl5Ody_QOG1tLcHZEcB2EswNhMJUoqYyEfnwDkUYwcigG6gxCEJBJ-FwaINBvEbbbnKU261cWL1_gAWkD1g:1r8O9N:5OPC70PauBPqWPnJ_hYHYdbwpCary0FqWamC1aCNtYo", "expire_date": "2023-12-13T17:15:01.258Z"}}, {"model": "sessions.session", "pk": "cgxlsp56ez3nwsfrp0tekhvlgjevyqg7", "fields": {"session_data": ".eJxVjMsOwiAQRf-FtSG8p7h07zcQZgCpGkhKuzL-uzbpQrf3nHNfLMRtrWEbeQlzYmcm2el3w0iP3HaQ7rHdOqfe1mVGviv8oINfe8rPy-H-HdQ46rfOSZZCwpMBiKiEk4gqTZocTOSEksI6VF5qYQpocN4aDYC2JGXA28LeH9jGNus:1qo2RT:qBhvdVaNp_SgGhSoCh7f-uu2X9f1yd7_yvqgX5y10Gs", "expire_date": "2023-10-18T14:01:35.782Z"}}, {"model": "sessions.session", "pk": "dk41kxakhacoe6mqe2kte17qexo9mmaw", "fields": {"session_data": ".eJxVjMsOwiAQRf-FtSG8p7h07zcQZgCpGkhKuzL-uzbpQrf3nHNfLMRtrWEbeQlzYmcm2el3w0iP3HaQ7rHdOqfe1mVGviv8oINfe8rPy-H-HdQ46rfOSZZCwpMBiKiEk4gqTZocTOSEksI6VF5qYQpocN4aDYC2JGXA28LeH9jGNus:1qttMy:z2yRgMPM7eApGgAyeHPHqpWLZKq1rkUD5oDodRSLp-M", "expire_date": "2023-11-03T17:33:08.667Z"}}, {"model": "sessions.session", "pk": "e6huhef8kqifumabodfw35c5edio0xn8", "fields": {"session_data": "eyJjYXJ0IjpbeyJwcm9kdWN0IjoiSm9yZGFuIDQgUmV0cm8gTWlsaXRhcnkgQmxhY2siLCJzaXplIjoiNDAifV19:1r6Wgo:RvM5i2yn2VdfADwZUCW7nhoIVC7udFdkmnj_Iy0Yj3E", "expire_date": "2023-12-08T13:57:50.490Z"}}, {"model": "sessions.session", "pk": "f22r2l2q5urhzm5g5ylpcc06ozxh0bex", "fields": {"session_data": ".eJxVjMsOwiAQRf-FtSG8p7h07zcQZgCpGkhKuzL-uzbpQrf3nHNfLMRtrWEbeQlzYmcm2el3w0iP3HaQ7rHdOqfe1mVGviv8oINfe8rPy-H-HdQ46rfOSZZCwpMBiKiEk4gqTZocTOSEksI6VF5qYQpocN4aDYC2JGXA28LeH9jGNus:1r16Eo:W2lhX_8wSFyyXpXkoOJH9P-i-6BF0fSQNVgX-Tp2pdg", "expire_date": "2023-11-23T14:42:30.909Z"}}, {"model": "sessions.session", "pk": "g3rr54m7agdw7j94w8c0wrkzcajm6iw6", "fields": {"session_data": ".eJxVjMsOwiAQRf-FtSG8p7h07zcQZgCpGkhKuzL-uzbpQrf3nHNfLMRtrWEbeQlzYmcm2el3w0iP3HaQ7rHdOqfe1mVGviv8oINfe8rPy-H-HdQ46rfOSZZCwpMBiKiEk4gqTZocTOSEksI6VF5qYQpocN4aDYC2JGXA28LeH9jGNus:1qlsgc:s6_AaQIBIljsVUmDdgUyLutDNWjhqeW9UW_bMO5eIY4", "expire_date": "2023-10-12T15:12:18.405Z"}}, {"model": "sessions.session", "pk": "h1cwwtrp7piolk38nqn14eob5wgjj9ds", "fields": {"session_data": ".eJxVjMsOwiAQRf-FtSG8p7h07zcQZgCpGkhKuzL-uzbpQrf3nHNfLMRtrWEbeQlzYmcm2el3w0iP3HaQ7rHdOqfe1mVGviv8oINfe8rPy-H-HdQ46rfOSZZCwpMBiKiEk4gqTZocTOSEksI6VF5qYQpocN4aDYC2JGXA28LeH9jGNus:1qixgI:kxQOGgtPm8102bM9IqHMSZQyhYxMRk0fXtNWDfnj94M", "expire_date": "2023-10-04T13:55:54.239Z"}}, {"model": "sessions.session", "pk": "hkmqo12xgazmkz7bm1hnmfudi0p8auru", "fields": {"session_data": ".eJxVjDkOwjAQRe_iGlneJ6ak5wzRjBcSFltynApxdxIpBbT_vf_ebMS1T-O6pDbOkZ2ZZKffjTA8UtlBvGO5VR5q6W0mviv8oAu_1piel8P9C0y4TNs7RZlzED4YACQlnCRScdDBwRCcUFJYR8pLLUwGDc5bowHI5qgMeJu36J4r-EpbrdXa2ecL7Gg8_Q:1rHXl9:wiVKLg7PRxNFfHWRPhr1O5ioVfdagIYtK9s-3ODnYh8", "expire_date": "2024-01-07T23:19:51.187Z"}}, {"model": "lifeplan.category", "pk": 1, "fields": {"brand": "Nike", "slug": "nike"}}, {"model": "lifeplan.category", "pk": 2, "fields": {"brand": "Puma", "slug": "puma"}}, {"model": "lifeplan.category", "pk": 3, "fields": {"brand": "Adidas", "slug": "adidas"}}, {"model": "lifeplan.product", "pk": 9, "fields": {"model_name": "Alphaboost V1 Sustainable BOOST", "slug": "alphaboost-v1-sustainable-boost", "description": "With these adidas alphasboost shoes, you will enrich your weekend outfit. Just put them in and you can go. Bounce midsole gives you soft, flexible comfort. BOOST cushioning at the heel delivers a return on energy and gives you a feeling of lightness wherever you go in a pleasant afternoon.\r\n\r\nThe upper is made from a range of recycled materials and contains at least 50% recycled yarn. This product is part of our fight against plastic waste.", "price": "1800.00", "photo": "photo/2023/11/29/Alphaboost_V1_Sustainable_BOOST_Lifestyle_Running_Shoes.jpg", "category": 3}}, {"model": "lifeplan.product", "pk": 10, "fields": {"model_name": "Alphabounce+ Sustainable Bounce", "slug": "alphabounce-sustainable-bounce", "description": "With these adidas alphasboost shoes, you will enrich your weekend outfit. Just put them in and you can go. Bounce midsole gives you soft, flexible comfort. BOOST cushioning at the heel delivers a return on energy and gives you a feeling of lightness wherever you go in a pleasant afternoon.\r\n\r\nThe upper is made from a range of recycled materials and contains at least 50% recycled yarn. This product is part of our fight against plastic waste.", "price": "1600.00", "photo": "photo/2023/11/29/Alphabounce_Sustainable_Bounce_Lifestyle_Running_Shoes.jpg", "category": 3}}, {"model": "lifeplan.product", "pk": 11, "fields": {"model_name": "Jeans Shoes GY7413", "slug": "jeans-shoes-gy7413", "description": "These adidas shoes are a revival of a rare model pulled from the archives. We refreshed the vintage charm with updated colourways on a classic leather and suede upper. Soft and durable like a tried-and-true pair of jeans, these trainers are made for all-day comfort and effortless style. Lace closure. Leather upper with suede details. Soft feel. Synthetic lining. Rubber outsole.", "price": "3000.00", "photo": "photo/2023/11/29/Jeans_Shoes_GY7413.jpg", "category": 3}}, {"model": "lifeplan.product", "pk": 12, "fields": {"model_name": "Multix GW6835", "slug": "multix-gw6835", "description": "over miles and more with the super comfy and stylish adidas. Designed for fast and fashionable feet, these sneakers make your strides full of life and energy. The PRIMEKNIT upper ensures a sock-like fit and great breathability from the first step to the last mile. Equipped with adidasТ iconic BOOST technology, the midsole offers optimal cushioning and endless responsive energy. Fused with Stretchweb for flexibility, the grippy Continental Better Rubber outsole keeps that pep in your step.", "price": "1400.00", "photo": "photo/2023/11/29/Multix_GW6835.jpg", "category": 3}}, {"model": "lifeplan.product", "pk": 13, "fields": {"model_name": "X_PLR Boost Shoes IF2924", "slug": "x_plr-boost-shoes-if2924", "description": "Take on cold, damp weather in comfort and style. These adidas shoes have a female-specific design with plenty of city-centric style for your outdoor explorations. PrimaLoftо insulation paired with insulating COLD.RDY ensure your feet stay warm in the chill, and the water-repellent upper shields your feet from the wet. A BOOST midsole cushioning adds energy return with every step, and the ContinentalЩ Rubber outsole promises a solid grip wherever your adventures take you. Made with a series of recycled materials, this upper features at least 50% recycled content. This product represents just one of our solutions to help end plastic waste.", "price": "2100.00", "photo": "photo/2023/11/29/X_PLR_Boost_Shoes_IF2924.jpg", "category": 3}}, {"model": "lifeplan.product", "pk": 14, "fields": {"model_name": "Air Force 1 Low Blue Patent", "slug": "air-force-1-low-blue-patent", "description": "Leading the style game is now a cakewalk. Celebrated equally in sports and fashion, these sneakers tune legacy with innovation. The leather upper is durable, just like your determination. A visible Air Force unit works with a pill-shaped Air window for signature cushioning underfoot and pays homage to the original shoe that introduced Air to the world. Fitted with a grippy Waffle outsole, the Nike Air Force 1 lets you power through your days like a champion.", "price": "3700.00", "photo": "photo/2023/11/29/Air_Force_1_Low_Blue_Patent.jpg", "category": 1}}, {"model": "lifeplan.product", "pk": 15, "fields": {"model_name": "Air Max 98 TL Supreme Black B-Grade", "slug": "air-max-98-tl-supreme-black-b-grade", "description": "Stay put or go all out? Why not do it all? The Nike Air Max 98 lets you have max fun, with max comfort. Crafted with a woven and synthetic fabric upper, these shoes feel super lightweight as you take them out for a spin. The extra-large Max Air unit provides 270-degrees of see-through cushioning (super cool, right?), while the grooved outsole ensures excellent grip as you explore the unknown", "price": "3200.00", "photo": "photo/2023/11/29/dunk-high-retro-shoe-lwQDx7.png", "category": 1}}, {"model": "lifeplan.product", "pk": 16, "fields": {"model_name": "Nike Dunk Low Green Glow B-Grade", "slug": "nike-dunk-low-green-glow-b-grade", "description": "Created for the hardwood but taken to the streets, the Dunk returns with classic details and throwback hoops style. Its padded, low-cut collar and vintage design lets you take your game anywhereЧcomfortably.Upper ages to soft perfection and features durable construction reminiscent of 80s Basketball.Foam midsole offers lightweight, responsive cushioning.Low-cut, padded collar looks sleek and feels great.", "price": "3200.00", "photo": "photo/2023/11/29/Nike_Dunk_Low_Green_Glow_B-Grade.jpg", "category": 1}}, {"model": "lifeplan.product", "pk": 17, "fields": {"model_name": "Nike Dunk Low Midnight Navy University Blue", "slug": "nike-dunk-low-midnight-navy-university-blue", "description": "Leading the style game is now a cakewalk with the Nike Dunk. Celebrated equally in sports and fashion, these sneakers tune legacy with innovation. The leather upper is durable, just like your determination. A visible Nike Dunk unit works with a pill-shaped Air window for signature cushioning underfoot and pays homage to the original shoe that introduced Air to the world. Fitted with a grippy Waffle outsole, the Nike Dunk lets you power through your days like a champion.", "price": "3700.00", "photo": "photo/2023/11/29/Nike_Dunk_Low_Midnight_Navy_University_Blue.jpg", "category": 1}}, {"model": "lifeplan.product", "pk": 18, "fields": {"model_name": "Nike Dunk Low Retro Reverse Brazil B-Grade", "slug": "nike-dunk-low-retro-reverse-brazil-b-grade", "description": "Get your little ones ready to roar, as they lace up in the Nike Dunk Low Retro. Thoughtfully made with recycled materials, these sneakers let your kiddos make a statement wherever they roam. Durable and super comfy, the synthetic leather and canvas upper is all your future players need for all-day play. Featuring Nike Grind, the rubber outsole adds proper traction, so your tiny adventurers can explore the day away with ease.", "price": "1800.00", "photo": "photo/2023/11/29/Nike_Dunk_Low_Retro_Reverse_Brazil_B-Grade.jpg", "category": 1}}, {"model": "lifeplan.product", "pk": 20, "fields": {"model_name": "PUMA PRO WHITEAQUA-SUN", "slug": "puma-pro-whiteaqua-sun", "description": "Stay connected to your roots while stepping toward the future with the PUMA PRO WHITEAQUA-SUN. Honoring PUMAТs sporty heritage, these sneakers redefine retro-futurism. Featuring suede and nubuck overlays for durability, the breathable mesh upper lets you flaunt your cool yet edgy look. Experience the supreme cushioning of the PU midsole, as you go on a wild ride sporting the PUMA PRO WHITEAQUA-SUN.", "price": "1800.00", "photo": "photo/2023/11/29/PUMA_CA_PRO_SUM_POP__WHITEAQUA-SUN_-_PI297WHITE_.jpg", "category": 2}}, {"model": "lifeplan.product", "pk": 21, "fields": {"model_name": "PUMA Womens Kosmo Rider", "slug": "puma-womens-kosmo-rider", "description": "Elevate your streetstyle with the new PUMA Kosmo Rider. Inspired by youth culture, this sneaker combines edgy, dynamic design with athletic features to create a look that radiates fresh energy. Go wild and rule the streets with these shoes.", "price": "2600.00", "photo": "photo/2023/11/29/puma-running-flyer-lite-trainers-blackpink.jpg", "category": 2}}, {"model": "lifeplan.product", "pk": 22, "fields": {"model_name": "Sport shoes sneakers Puma Caven 2.0 MID", "slug": "sport-shoes-sneakers-puma-caven-20-mid", "description": "Get your preschoolers ready for an exciting journey of learning ahead with the PUMA Caven 2.0 Mid. Taking cues from '90s US college campuses and college wear, these sneakers are dunked in nostalgia and a vintage American aesthetic. The mid-top silhouette is draped in flexible synthetic leather that embodies true PUMA DNA. Soft and plush, the extra-thick SoftFoam+ sockliner provides superior cushioning that cradles your little onesТ strides in blissful comfort.", "price": "1500.00", "photo": "photo/2023/11/29/Sport_shoes_sneakers_Puma_Caven_2.0_MID.jpg", "category": 2}}, {"model": "lifeplan.product", "pk": 23, "fields": {"model_name": "Jordan Aj1 Mid", "slug": "jordan-aj1-mid", "description": "Bring life to your budding walkersТ learning days with the Jordan 1 Mid. Wrapped in flexible yet durable leather, these shoes bring a pop of vibrance to your babiesТ days. The wings logo on the collar delivers heritage branding and keeps your tiny ones motivated in Jordan spirit. Made with solid rubber, the outsole properly grips your little onesТ blooming steps as you take them out for a fun stroll", "price": "1000.00", "photo": "photo/2023/11/29/puma__pum-376349-06__imagefront_1.jpg", "category": 2}}, {"model": "lifeplan.product", "pk": 24, "fields": {"model_name": "Puma RSX 3", "slug": "puma-rsx-3", "description": "RSX BallТs third signature shoe MB.03 takes a trip to the never before seen alternative universe that is the Melo world. Highlighted by slime inspired rubber wrap-ups and an engineered knit upper with scratch cutouts, the RXS 3 is truly Not From Here. The slime sole and space-age PUMA Hoops tech, including NITROЩ foam, make tournament ready look interplanetary.", "price": "1200.00", "photo": "photo/2023/11/29/Mens_Shoes_Running_Shoes_gzNyXsD.jpg", "category": 2}}, {"model": "lifeplan.storage", "pk": 7, "fields": {"size": 40, "amount": 100, "product": 9}}, {"model": "lifeplan.storage", "pk": 8, "fields": {"size": 41, "amount": 100, "product": 9}}, {"model": "lifeplan.storage", "pk": 9, "fields": {"size": 42, "amount": 100, "product": 9}}, {"model": "lifeplan.storage", "pk": 10, "fields": {"size": 43, "amount": 100, "product": 9}}, {"model": "lifeplan.storage", "pk": 11, "fields": {"size": 44, "amount": 100, "product": 9}}, {"model": "lifeplan.storage", "pk": 12, "fields": {"size": 45, "amount": 100, "product": 9}}, {"model": "lifeplan.storage", "pk": 13, "fields": {"size": 43, "amount": 100, "product": 10}}, {"model": "lifeplan.storage", "pk": 14, "fields": {"size": 44, "amount": 100, "product": 10}}, {"model": "lifeplan.storage", "pk": 15, "fields": {"size": 45, "amount": 100, "product": 10}}, {"model": "lifeplan.storage", "pk": 16, "fields": {"size": 41, "amount": 100, "product": 11}}, {"model": "lifeplan.storage", "pk": 17, "fields": {"size": 42, "amount": 100, "product": 11}}, {"model": "lifeplan.storage", "pk": 18, "fields": {"size": 43, "amount": 100, "product": 11}}, {"model": "lifeplan.storage", "pk": 19, "fields": {"size": 44, "amount": 100, "product": 11}}, {"model": "lifeplan.storage", "pk": 20, "fields": {"size": 40, "amount": 100, "product": 12}}, {"model": "lifeplan.storage", "pk": 21, "fields": {"size": 44, "amount": 100, "product": 12}}, {"model": "lifeplan.storage", "pk": 22, "fields": {"size": 40, "amount": 100, "product": 13}}, {"model": "lifeplan.storage", "pk": 23, "fields": {"size": 41, "amount": 100, "product": 13}}, {"model": "lifeplan.storage", "pk": 24, "fields": {"size": 42, "amount": 100, "product": 13}}, {"model": "lifeplan.storage", "pk": 25, "fields": {"size": 43, "amount": 100, "product": 13}}, {"model": "lifeplan.storage", "pk": 26, "fields": {"size": 40, "amount": 10, "product": 14}}, {"model": "lifeplan.storage", "pk": 27, "fields": {"size": 42, "amount": 10, "product": 14}}, {"model": "lifeplan.storage", "pk": 28, "fields": {"size": 43, "amount": 10, "product": 14}}, {"model": "lifeplan.storage", "pk": 29, "fields": {"size": 45, "amount": 210, "product": 15}}, {"model": "lifeplan.storage", "pk": 30, "fields": {"size": 39, "amount": 10, "product": 16}}, {"model": "lifeplan.storage", "pk": 31, "fields": {"size": 40, "amount": 10, "product": 16}}, {"model": "lifeplan.storage", "pk": 32, "fields": {"size": 42, "amount": 20, "product": 16}}, {"model": "lifeplan.storage", "pk": 33, "fields": {"size": 44, "amount": 20, "product": 17}}, {"model": "lifeplan.storage", "pk": 34, "fields": {"size": 45, "amount": 20, "product": 17}}, {"model": "lifeplan.storage", "pk": 35, "fields": {"size": 39, "amount": 20, "product": 18}}, {"model": "lifeplan.storage", "pk": 36, "fields": {"size": 40, "amount": 20, "product": 18}}, {"model": "lifeplan.storage", "pk": 37, "fields": {"size": 41, "amount": 20, "product": 18}}, {"model": "lifeplan.storage", "pk": 40, "fields": {"size": 41, "amount": 23, "product": 20}}, {"model": "lifeplan.storage", "pk": 41, "fields": {"size": 42, "amount": 32, "product": 20}}, {"model": "lifeplan.storage", "pk": 42, "fields": {"size": 43, "amount": 200, "product": 20}}, {"model": "lifeplan.storage", "pk": 43, "fields": {"size": 44, "amount": 100, "product": 20}}, {"model": "lifeplan.storage", "pk": 44, "fields": {"size": 37, "amount": 100, "product": 21}}, {"model": "lifeplan.storage", "pk": 45, "fields": {"size": 38, "amount": 10, "product": 21}}, {"model": "lifeplan.storage", "pk": 46, "fields": {"size": 39, "amount": 30, "product": 21}}, {"model": "lifeplan.storage", "pk": 47, "fields": {"size": 45, "amount": 100, "product": 22}}, {"model": "lifeplan.storage", "pk": 48, "fields": {"size": 44, "amount": 100, "product": 23}}, {"model": "lifeplan.storage", "pk": 49, "fields": {"size": 45, "amount": 100, "product": 23}}, {"model": "lifeplan.storage", "pk": 50, "fields": {"size": 46, "amount": 3, "product": 23}}, {"model": "lifeplan.storage", "pk": 51, "fields": {"size": 45, "amount": 200, "product": 24}}, {"model": "lifeplan.order", "pk": 19, "fields": {"items_amount": 9, "is_paid": false, "date_of_payment": null, "client_username": null, "client_mail": "", "total_price": "16400.00"}}, {"model": "lifeplan.order", "pk": 20, "fields": {"items_amount": 2, "is_paid": false, "date_of_payment": null, "client_username": "ivan", "client_mail": "", "total_price": "6400.00"}}, {"model": "lifeplan.order", "pk": 21, "fields": {"items_amount": 3, "is_paid": false, "date_of_payment": null, "client_username": "dima", "client_mail": "", "total_price": "5000.00"}}, {"model": "lifeplan.order", "pk": 22, "fields": {"items_amount": 1, "is_paid": false, "date_of_payment": null, "client_username": "artem", "client_mail": "", "total_price": "3200.00"}}, {"model": "lifeplan.order", "pk": 23, "fields": {"items_amount": 1, "is_paid": false, "date_of_payment": null, "client_username": "root", "client_mail": "", "total_price": "1800.00"}}, {"model": "lifeplan.productinorder", "pk": 156, "fields": {"order": 20, "product": 16, "size_of_product": 40}}, {"model": "lifeplan.productinorder", "pk": 157, "fields": {"order": 20, "product": 16, "size_of_product": 42}}, {"model": "lifeplan.productinorder", "pk": 158, "fields": {"order": 19, "product": 23, "size_of_product": 45}}, {"model": "lifeplan.productinorder", "pk": 160, "fields": {"order": 19, "product": 23, "size_of_product": 44}}, {"model": "lifeplan.productinorder", "pk": 161, "fields": {"order": 19, "product": 20, "size_of_product": 41}}, {"model": "lifeplan.productinorder", "pk": 162, "fields": {"order": 19, "product": 20, "size_of_product": 43}}, {"model": "lifeplan.productinorder", "pk": 167, "fields": {"order": 19, "product": 15, "size_of_product": 45}}, {"model": "lifeplan.productinorder", "pk": 168, "fields": {"order": 19, "product": 16, "size_of_product": 42}}, {"model": "lifeplan.productinorder", "pk": 171, "fields": {"order": 19, "product": 24, "size_of_product": 45}}, {"model": "lifeplan.productinorder", "pk": 172, "fields": {"order": 19, "product": 10, "size_of_product": 44}}, {"model": "lifeplan.productinorder", "pk": 173, "fields": {"order": 19, "product": 10, "size_of_product": 45}}, {"model": "lifeplan.productinorder", "pk": 174, "fields": {"order": 21, "product": 9, "size_of_product": 41}}, {"model": "lifeplan.productinorder", "pk": 176, "fields": {"order": 21, "product": 10, "size_of_product": 43}}, {"model": "lifeplan.productinorder", "pk": 177, "fields": {"order": 21, "product": 10, "size_of_product": 45}}, {"model": "lifeplan.productinorder", "pk": 178, "fields": {"order": 22, "product": 15, "size_of_product": 45}}, {"model": "lifeplan.productinorder", "pk": 180, "fields": {"order": 23, "product": 9, "size_of_product": 45}}]
