[{"model": "auth.user", "pk": 1, "fields": {"password": "pbkdf2_sha256$600000$xZSxPfD5Oy18LjR3a1aOPi$ql3k/lfGa1va/wnAT4goeZUwL3yuU08r8GamGEOzhoQ=", "last_login": "2023-12-24T23:19:51.124Z", "is_superuser": true, "username": "root", "first_name": "", "last_name": "", "email": "dimartart3@gmail.com", "is_staff": true, "is_active": true, "date_joined": "2023-09-20T13:55:45.520Z", "groups": [], "user_permissions": []}}, {"model": "auth.user", "pk": 18, "fields": {"password": "pbkdf2_sha256$600000$Uji5xQbRnhzYUUfzOo8SCE$/xTpfDinT19pRuLLjdx45GFaf+DpwpzUhd8Vp5QY++Y=", "last_login": "2023-11-29T16:11:48.316Z", "is_superuser": false, "username": "ivan", "first_name": "", "last_name": "", "email": "", "is_staff": false, "is_active": true, "date_joined": "2023-11-29T16:10:37.545Z", "groups": [], "user_permissions": []}}, {"model": "auth.user", "pk": 19, "fields": {"password": "pbkdf2_sha256$600000$d83iJSlwHEi96c5uiwgqdt$8fH8GfcYK3mU6Xvv5vGgoQmkgZ4m8rvFLNFr89uAJjI=", "last_login": "2023-11-29T17:15:01.179Z", "is_superuser": false, "username": "dima", "first_name": "", "last_name": "", "email": "", "is_staff": false, "is_active": true, "date_joined": "2023-11-29T17:15:00.657Z", "groups": [], "user_permissions": []}}, {"model": "auth.user", "pk": 20, "fields": {"password": "pbkdf2_sha256$600000$0nexlsZQhHMxwwJW817j0L$hxSCaNb3oe9jTr61v8g5O9uzt7QUFvk76lRNMZEV0Qs=", "last_login": "2023-12-24T20:29:25.087Z", "is_superuser": false, "username": "artem", "first_name": "", "last_name": "", "email": "", "is_staff": false, "is_active": true, "date_joined": "2023-12-24T20:29:24.483Z", "groups": [], "user_permissions": []}}, {"model": "sessions.session", "pk": "4jtqqnhxr3wsimoodmsoggkveq9vw4ov", "fields": {"session_data": ".eJxVjMsOwiAQRf-FtSEpMzDg0r3f0AwMlaqlSR8r478rSRe6vefc81I971vp9zUv_SjqrLqgTr9j5PTItRG5c73NOs11W8aom6IPuurrLPl5Ody_QOG1tLcHZEcB2EswNhMJUoqYyEfnwDkUYwcigG6gxCEJBJ-FwaINBvEbbbnKU261cWL1_gAWkD1g:1r8O9N:5OPC70PauBPqWPnJ_hYHYdbwpCary0FqWamC1aCNtYo", "expire_date": "2023-12-13T17:15:01.258Z"}}, {"model": "sessions.session", "pk": "cgxlsp56ez3nwsfrp0tekhvlgjevyqg7", "fields": {"session_data": ".eJxVjMsOwiAQRf-FtSG8p7h07zcQZgCpGkhKuzL-uzbpQrf3nHNfLMRtrWEbeQlzYmcm2el3w0iP3HaQ7rHdOqfe1mVGviv8oINfe8rPy-H-HdQ46rfOSZZCwpMBiKiEk4gqTZocTOSEksI6VF5qYQpocN4aDYC2JGXA28LeH9jGNus:1qo2RT:qBhvdVaNp_SgGhSoCh7f-uu2X9f1yd7_yvqgX5y10Gs", "expire_date": "2023-10-18T14:01:35.782Z"}}, {"model": "sessions.session", "pk": "dk41kxakhacoe6mqe2kte17qexo9mmaw", "fields": {"session_data": ".eJxVjMsOwiAQRf-FtSG8p7h07zcQZgCpGkhKuzL-uzbpQrf3nHNfLMRtrWEbeQlzYmcm2el3w0iP3HaQ7rHdOqfe1mVGviv8oINfe8rPy-H-HdQ46rfOSZZCwpMBiKiEk4gqTZocTOSEksI6VF5qYQpocN4aDYC2JGXA28LeH9jGNus:1qttMy:z2yRgMPM7eApGgAyeHPHqpWLZKq1rkUD5oDodRSLp-M", "expire_date": "2023-11-03T17:33:08.667Z"}}, {"model": "sessions.session", "pk": "e6huhef8kqifumabodfw35c5edio0xn8", "fields": {"session_data": "eyJjYXJ0IjpbeyJwcm9kdWN0IjoiSm9yZGFuIDQgUmV0cm8gTWlsaXRhcnkgQmxhY2siLCJzaXplIjoiNDAifV19:1r6Wgo:RvM5i2yn2VdfADwZUCW7nhoIVC7udFdkmnj_Iy0Yj3E", "expire_date": "2023-12-08T13:57:50.490Z"}}, {"model": "sessions.session", "pk": "f22r2l2q5urhzm5g5ylpcc06ozxh0bex", "fields": {"session_data": ".eJxVjMsOwiAQRf-FtSG8p7h07zcQZgCpGkhKuzL-uzbpQrf3nHNfLMRtrWEbeQlzYmcm2el3w0iP3HaQ7rHdOqfe1mVGviv8oINfe8rPy-H-HdQ46rfOSZZCwpMBiKiEk4gqTZocTOSEksI6VF5qYQpocN4aDYC2JGXA28LeH9jGNus:1r16Eo:W2lhX_8wSFyyXpXkoOJH9P-i-6BF0fSQNVgX-Tp2pdg", "expire_date": "2023-11-23T14:42:30.909Z"}}, {"model": "sessions.session", "pk": "g3rr54m7agdw7j94w8c0wrkzcajm6iw6", "fields": {"session_data": ".eJxVjMsOwiAQRf-FtSG8p7h07zcQZgCpGkhKuzL-uzbpQrf3nHNfLMRtrWEbeQlzYmcm2el3w0iP3HaQ7rHdOqfe1mVGviv8oINfe8rPy-H-HdQ46rfOSZZCwpMBiKiEk4gqTZocTOSEksI6VF5qYQpocN4aDYC2JGXA28LeH9jGNus:1qlsgc:s6_AaQIBIljsVUmDdgUyLutDNWjhqeW9UW_bMO5eIY4", "expire_date": "2023-10-12T15:12:18.405Z"}}, {"model": "sessions.session", "pk": "h1cwwtrp7piolk38nqn14eob5wgjj9ds", "fields": {"session_data": ".eJxVjMsOwiAQRf-FtSG8p7h07zcQZgCpGkhKuzL-uzbpQrf3nHNfLMRtrWEbeQlzYmcm2el3w0iP3HaQ7rHdOqfe1mVGviv8oINfe8rPy-H-HdQ46rfOSZZCwpMBiKiEk4gqTZocTOSEksI6VF5qYQpocN4aDYC2JGXA28LeH9jGNus:1qixgI:kxQOGgtPm8102bM9IqHMSZQyhYxMRk0fXtNWDfnj94M", "expire_date": "2023-10-04T13:55:54.239Z"}}, {"model": "sessions.session", "pk": "hkmqo12xgazmkz7bm1hnmfudi0p8auru", "fields": {"session_data": ".eJxVjDkOwjAQRe_iGlneJ6ak5wzRjBcSFltynApxdxIpBbT_vf_ebMS1T-O6pDbOkZ2ZZKffjTA8UtlBvGO5VR5q6W0mviv8oAu_1piel8P9C0y4TNs7RZlzED4YACQlnCRScdDBwRCcUFJYR8pLLUwGDc5bowHI5qgMeJu36J4r-EpbrdXa2ecL7Gg8_Q:1rHXl9:wiVKLg7PRxNFfHWRPhr1O5ioVfdagIYtK9s-3ODnYh8", "expire_date": "2024-01-07T23:19:51.187Z"}}, {"model": "lifeplan.category", "pk": 1, "fields": {"brand": "Nike", "slug": "nike"}}, {"model": "lifeplan.category", "pk": 2, "fields": {"brand": "Puma", "slug": "puma"}}, {"model": "lifeplan.category", "pk": 3, "fields": {"brand": "Adidas", "slug": "adidas"}}, {"model": "lifeplan.product", "pk": 9, "fields": {"model_name": "Alphaboost V1 Sustainable BOOST", "slug": "alphaboost-v1-sustainable-boost", "description": "With these adidas alphasboost shoes, you will enrich your weekend outfit. Just put them in and you can go. Bounce midsole gives you soft, flexible comfort. BOOST cushioning at the heel delivers a return on energy and gives you a feeling of lightness wherever you go in a pleasant afternoon.\r\n\r\nThe upper is made from a range of recycled materials and contains at least 50% recycled yarn. This product is part of our fight against plastic waste.", "price": "1800.00", "photo": "photo/2023/11/29/Alphaboost_V1_Sustainable_BOOST_Lifestyle_Running_Shoes.jpg", "category": 3}}, {"model": "lifeplan.product", "pk": 10, "fields": {"model_name": "Alphabounce+ Sustainable Bounce", "slug": "alphabounce-sustainable-bounce", "description": "With these adidas alphasboost shoes, you will enrich your weekend outfit. Just put them in and you can go. Bounce midsole gives you soft, flexible comfort. BOOST cushioning at the heel delivers a return on energy and gives you a feeling of lightness wherever you go in a pleasant afternoon.\r\n\r\nThe upper is made from a range of recycled materials and contains at least 50% recycled yarn. This product is part of our fight against plastic waste.", "price": "1600.00", "photo": "photo/2023/11/29/Alphabounce_Sustainable_Bounce_Lifestyle_Running_Shoes.jpg", "category": 3}}, {"model": "lifeplan.product", "pk": 11, "fields": {"model_name": "Jeans Shoes GY7413", "slug": "jeans-shoes-gy7413", "description": "These adidas shoes are a revival of a rare model pulled from the archives. We refreshed the vintage charm with updated colourways on a classic leather and suede upper. Soft and durable like a tried-and-true pair of jeans, these trainers are made for all-day comfort and effortless style. Lace closure. Leather upper with suede details. Soft feel. Synthetic lining. Rubber outsole.", "price": "3000.00", "photo": "photo/2023/11/29/Jeans_Shoes_GY7413.jpg", "category": 3}}, {"model": "lifeplan.product", "pk": 12, "fields": {"model_name": "Multix GW6835", "slug": "multix-gw6835", "description": "over miles and more with the super comfy and stylish adidas. Designed for fast and fashionable feet, these sneakers make your strides full of life and energy. The PRIMEKNIT upper ensures a sock-like fit and great breathability from the first step to the last mile. Equipped with adidasТ iconic BOOST technology, the midsole offers optimal cushioning and endless responsive energy. Fused with Stretchweb for flexibility, the grippy Continental Better Rubber outsole keeps that pep in your step.", "price": "1400.00", "photo": "photo/2023/11/29/Multix_GW6835.jpg", "category": 3}}, {"model": "lifeplan.product", "pk": 13, "fields": {"model_name": "X_PLR Boost Shoes IF2924", "slug": "x_plr-boost-shoes-if2924", "description": "Take on cold, damp weather in comfort and style. These adidas shoes have a female-specific design with plenty of city-centric style for your outdoor explorations. PrimaLoftо insulation paired with insulating COLD.RDY ensure your feet stay warm in the chill, and the water-repellent upper shields your feet from the wet. A BOOST midsole cushioning adds energy return with every step, and the ContinentalЩ Rubber outsole promises a solid grip wherever your adventures take you. Made with a series of recycled materials, this upper features at least 50% recycled content. This product represents just one of our solutions to help end plastic waste.", "price": "2100.00", "photo": "photo/2023/11/29/X_PLR_Boost_Shoes_IF2924.jpg", "category": 3}}, {"model": "lifeplan.product", "pk": 14, "fields": {"model_name": "Air Force 1 Low Blue Patent", "slug": "air-force-1-low-blue-patent", "description": "Leading the style game is now a cakewalk. Celebrated equally in sports and fashion, these sneakers tune legacy with innovation. The leather upper is durable, just like your determination. A visible Air Force unit works with a pill-shaped Air window for signature cushioning underfoot and pays homage to the original shoe that introduced Air to the world. Fitted with a grippy Waffle outsole, the Nike Air Force 1 lets you power through your days like a champion.", "price": "3700.00", "photo": "photo/2023/11/29/Air_Force_1_Low_Blue_Patent.jpg", "category": 1}}, {"model": "lifeplan.product", "pk": 15, "fields": {"model_name": "Air Max 98 TL Supreme Black B-Grade", "slug": "air-max-98-tl-supreme-black-b-grade", "description": "Stay put or go all out? Why not do it all? The Nike Air Max 98 lets you have max fun, with max comfort. Crafted with a woven and synthetic fabric upper, these shoes feel super lightweight as you take them out for a spin. The extra-large Max Air unit provides 270-degrees of see-through cushioning (super cool, right?), while the grooved outsole ensures excellent grip as you explore the unknown", "price": "3200.00", "photo": "photo/2023/11/29/dunk-high-retro-shoe-lwQDx7.png", "category": 1}}, {"model": "lifeplan.product", "pk": 16, "fields": {"model_name": "Nike Dunk Low Green Glow B-Grade", "slug": "nike-dunk-low-green-glow-b-grade", "description": "Created for the hardwood but taken to the streets, the Dunk returns with classic details and throwback hoops style. Its padded, low-cut collar and vintage design lets you take your game anywhereЧcomfortably.Upper ages to soft perfection and features durable construction reminiscent of 80s Basketball.Foam midsole offers lightweight, responsive cushioning.Low-cut, padded collar looks sleek and feels great.", "price": "3200.00", "photo": "photo/2023/11/29/Nike_Dunk_Low_Green_Glow_B-Grade.jpg", "category": 1}}, {"model": "lifeplan.product", "pk": 17, "fields": {"model_name": "Nike Dunk Low Midnight Navy University Blue", "slug": "nike-dunk-low-midnight-navy-university-blue", "description": "Leading the style game is now a cakewalk with the Nike Dunk. Celebrated equally in sports and fashion, these sneakers tune legacy with innovation. The leather upper is durable, just like your determination. A visible Nike Dunk unit works with a pill-shaped Air window for signature cushioning underfoot and pays homage to the original shoe that introduced Air to the world. Fitted with a grippy Waffle outsole, the Nike Dunk lets you power through your days like a champion.", "price": "3700.00", "photo": "photo/2023/11/29/Nike_Dunk_Low_Midnight_Navy_University_Blue.jpg", "category": 1}}, {"model": "lifeplan.product", "pk": 18, "fields": {"model_name": "Nike Dunk Low Retro Reverse Brazil B-Grade", "slug": "nike-dunk-low-retro-reverse-brazil-b-grade", "description": "Get your little ones ready to roar, as they lace up in the Nike Dunk Low Retro. Thoughtfully made with recycled materials, these sneakers let your kiddos make a statement wherever they roam. Durable and super comfy, the synthetic leather and canvas upper is all your future players need for all-day play. Featuring Nike Grind, the rubber outsole adds proper traction, so your tiny adventurers can explore the day away with ease.", "price": "1800.00", "photo": "photo/2023/11/29/Nike_Dunk_Low_Retro_Reverse_Brazil_B-Grade.jpg", "category": 1}}, {"model": "lifeplan.product", "pk": 20, "fields": {"model_name": "PUMA PRO WHITEAQUA-SUN", "slug": "puma-pro-whiteaqua-sun", "description": "Stay connected to your roots while stepping toward the future with the PUMA PRO WHITEAQUA-SUN. Honoring PUMAТs sporty heritage, these sneakers redefine retro-futurism. Featuring suede and nubuck overlays for durability, the breathable mesh upper lets you flaunt your cool yet edgy look. Experience the supreme cushioning of the PU midsole, as you go on a wild ride sporting the PUMA PRO WHITEAQUA-SUN.", "price": "1800.00", "photo": "photo/2023/11/29/PUMA_CA_PRO_SUM_POP__WHITEAQUA-SUN_-_PI297WHITE_.jpg", "category": 2}}, {"model": "lifeplan.product", "pk": 21, "fields": {"model_name": "PUMA Womens Kosmo Rider", "slug": "puma-womens-kosmo-rider", "description": "Elevate your streetstyle with the new PUMA Kosmo Rider. Inspired by youth culture, this sneaker combines edgy, dynamic design with athletic features to create a look that radiates fresh energy. Go wild and rule the streets with these shoes.", "price": "2600.00", "photo": "photo/2023/11/29/puma-running-flyer-lite-trainers-blackpink.jpg", "category": 2}}, {"model": "lifeplan.product", "pk": 22, "fields": {"model_name": "Sport shoes sneakers Puma Caven 2.0 MID", "slug": "sport-shoes-sneakers-puma-caven-20-mid", "description": "Get your preschoolers ready for an exciting journey of learning ahead with the PUMA Caven 2.0 Mid. Taking cues from '90s US college campuses and college wear, these sneakers are dunked in nostalgia and a vintage American aesthetic. The mid-top silhouette is draped in flexible synthetic leather that embodies true PUMA DNA. Soft and plush, the extra-thick SoftFoam+ sockliner provides superior cushioning that cradles your little onesТ strides in blissful comfort.", "price": "1500.00", "photo": "photo/2023/11/29/Sport_shoes_sneakers_Puma_Caven_2.0_MID.jpg", "category": 2}}, {"model": "lifeplan.product", "pk": 23, "fields": {"model_name": "Jordan Aj1 Mid", "slug": "jordan-aj1-mid", "description": "Bring life to your budding walkersТ learning days with the Jordan 1 Mid. Wrapped in flexible yet durable leather, these shoes bring a pop of vibrance to your babiesТ days. The wings logo on the collar delivers heritage branding and keeps your tiny ones motivated in Jordan spirit. Made with solid rubber, the outsole properly grips your little onesТ blooming steps as you take them out for a fun stroll", "price": "1000.00", "photo": "photo/2023/11/29/puma__pum-376349-06__imagefront_1.jpg", "category": 2}}, {"model": "lifeplan.product", "pk": 24, "fields": {"model_name": "Puma RSX 3", "slug": "puma-rsx-3", "description": "RSX BallТs third signature shoe MB.03 takes a trip to the never before seen alternative universe that is the Melo world. Highlighted by slime inspired rubber wrap-ups and an engineered knit upper with scratch cutouts, the RXS 3 is truly Not From Here. The slime sole and space-age PUMA Hoops tech, including NITROЩ foam, make tournament ready look interplanetary.", "price": "1200.00", "photo": "photo/2023/11/29/Mens_Shoes_Running_Shoes_gzNyXsD.jpg", "category": 2}}, {"model": "lifeplan.storage", "pk": 7, "fields": {"size": 40, "amount": 100, "product": 9}}, {"model": "lifeplan.storage", "pk": 8, "fields": {"size": 41, "amount": 100, "product": 9}}, {"model": "lifeplan.storage", "pk": 9, "fields": {"size": 42, "amount": 100, "product": 9}}, {"model": "lifeplan.storage", "pk": 10, "fields": {"size": 43, "amount": 100, "product": 9}}, {"model": "lifeplan.storage", "pk": 11, "fields": {"size": 44, "amount": 100, "product": 9}}, {"model": "lifeplan.storage", "pk": 12, "fields": {"size": 45, "amount": 100, "product": 9}}, {"model": "lifeplan.storage", "pk": 13, "fields": {"size": 43, "amount": 100, "product": 10}}, {"model": "lifeplan.storage", "pk": 14, "fields": {"size": 44, "amount": 100, "product": 10}}, {"model": "lifeplan.storage", "pk": 15, "fields": {"size": 45, "amount": 100, "product": 10}}, {"model": "lifeplan.storage", "pk": 16, "fields": {"size": 41, "amount": 100, "product": 11}}, {"model": "lifeplan.storage", "pk": 17, "fields": {"size": 42, "amount": 100, "product": 11}}, {"model": "lifeplan.storage", "pk": 18, "fields": {"size": 43, "amount": 100, "product": 11}}, {"model": "lifeplan.storage", "pk": 19, "fields": {"size": 44, "amount": 100, "product": 11}}, {"model": "lifeplan.storage", "pk": 20, "fields": {"size": 40, "amount": 100, "product": 12}}, {"model": "lifeplan.storage", "pk": 21, "fields": {"size": 44, "amount": 100, "product": 12}}, {"model": "lifeplan.storage", "pk": 22, "fields": {"size": 40, "amount": 100, "product": 13}}, {"model": "lifeplan.storage", "pk": 23, "fields": {"size": 41, "amount": 100, "product": 13}}, {"model": "lifeplan.storage", "pk": 24, "fields": {"size": 42, "amount": 100, "product": 13}}, {"model": "lifeplan.storage", "pk": 25, "fields": {"size": 43, "amount": 100, "product": 13}}, {"model": "lifeplan.storage", "pk": 26, "fields": {"size": 40, "amount": 10, "product": 14}}, {"model": "lifeplan.storage", "pk": 27, "fields": {"size": 42, "amount": 10, "product": 14}}, {"model": "lifeplan.storage", "pk": 28, "fields": {"size": 43, "amount": 10, "product": 14}}, {"model": "lifeplan.storage", "pk": 29, "fields": {"size": 45, "amount": 210, "product": 15}}, {"model": "lifeplan.storage", "pk": 30, "fields": {"size": 39, "amount": 10, "product": 16}}, {"model": "lifeplan.storage", "pk": 31, "fields": {"size": 40, "amount": 10, "product": 16}}, {"model": "lifeplan.storage", "pk": 32, "fields": {"size": 42, "amount": 20, "product": 16}}, {"model": "lifeplan.storage", "pk": 33, "fields": {"size": 44, "amount": 20, "product": 17}}, {"model": "lifeplan.storage", "pk": 34, "fields": {"size": 45, "amount": 20, "product": 17}}, {"model": "lifeplan.storage", "pk": 35, "fields": {"size": 39, "amount": 20, "product": 18}}, {"model": "lifeplan.storage", "pk": 36, "fields": {"size": 40, "amount": 20, "product": 18}}, {"model": "lifeplan.storage", "pk": 37, "fields": {"size": 41, "amount": 20, "product": 18}}, {"model": "lifeplan.storage", "pk": 40, "fields": {"size": 41, "amount": 23, "product": 20}}, {"model": "lifeplan.storage", "pk": 41, "fields": {"size": 42, "amount": 32, "product": 20}}, {"model": "lifeplan.storage", "pk": 42, "fields": {"size": 43, "amount": 200, "product": 20}}, {"model": "lifeplan.storage", "pk": 43, "fields": {"size": 44, "amount": 100, "product": 20}}, {"model": "lifeplan.storage", "pk": 44, "fields": {"size": 37, "amount": 100, "product": 21}}, {"model": "lifeplan.storage", "pk": 45, "fields": {"size": 38, "amount": 10, "product": 21}}, {"model": "lifeplan.storage", "pk": 46, "fields": {"size": 39, "amount": 30, "product": 21}}, {"model": "lifeplan.storage", "pk": 47, "fields": {"size": 45, "amount": 100, "product": 22}}, {"model": "lifeplan.storage", "pk": 48, "fields": {"size": 44, "amount": 100, "product": 23}}, {"model": "lifeplan.storage", "pk": 49, "fields": {"size": 45, "amount": 100, "product": 23}}, {"model": "lifeplan.storage", "pk": 50, "fields": {"size": 46, "amount": 3, "product": 23}}, {"model": "lifeplan.storage", "pk": 51, "fields": {"size": 45, "amount": 200, "product": 24}}, {"model": "lifeplan.order", "pk": 19, "fields": {"items_amount": 9, "is_paid": false, "date_of_payment": null, "client_username": null, "client_mail": "", "total_price": "16400.00"}}, {"model": "lifeplan.order", "pk": 20, "fields": {"items_amount": 2, "is_paid": false, "date_of_payment": null, "client_username": "ivan", "client_mail": "", "total_price": "6400.00"}}, {"model": "lifeplan.order", "pk": 21, "fields": {"items_amount": 3, "is_paid": false, "date_of_payment": null, "client_username": "dima", "client_mail": "", "total_price": "5000.00"}}, {"model": "lifeplan.order", "pk": 22, "fields": {"items_amount": 1, "is_paid": false, "date_of_payment": null, "client_username": "artem", "client_mail": "", "total_price": "3200.00"}}, {"model": "lifeplan.order", "pk": 23, "fields": {"items_amount": 1, "is_paid": false, "date_of_payment": null, "client_username": "root", "client_mail": "", "total_price": "1800.00"}}, {"model": "lifeplan.productinorder", "pk": 156, "fields": {"order": 20, "product": 16, "size_of_product": 40}}, {"model": "lifeplan.productinorder", "pk": 157, "fields": {"order": 20, "product": 16, "size_of_product": 42}}, {"model": "lifeplan.productinorder", "pk": 158, "fields": {"order": 19, "product": 23, "size_of_product": 45}}, {"model": "lifeplan.productinorder", "pk": 160, "fields": {"order": 19, "product": 23, "size_of_product": 44}}, {"model": "lifeplan.productinorder", "pk": 161, "fields": {"order": 19, "product": 20, "size_of_product": 41}}, {"model": "lifeplan.productinorder", "pk": 162, "fields": {"order": 19, "product": 20, "size_of_product": 43}}, {"model": "lifeplan.productinorder", "pk": 167, "fields": {"order": 19, "product": 15, "size_of_product": 45}}, {"model": "lifeplan.productinorder", "pk": 168, "fields": {"order": 19, "product": 16, "size_of_product": 42}}, {"model": "lifeplan.productinorder", "pk": 171, "fields": {"order": 19, "product": 24, "size_of_product": 45}}, {"model": "lifeplan.productinorder", "pk": 172, "fields": {"order": 19, "product": 10, "size_of_product": 44}}, {"model": "lifeplan.productinorder", "pk": 173, "fields": {"order": 19, "product": 10, "size_of_product": 45}}, {"model": "lifeplan.productinorder", "pk": 174, "fields": {"order": 21, "product": 9, "size_of_product": 41}}, {"model": "lifeplan.productinorder", "pk": 176, "fields": {"order": 21, "product": 10, "size_of_product": 43}}, {"model": "lifeplan.productinorder", "pk": 177, "fields": {"order": 21, "product": 10, "size_of_product": 45}}, {"model": "lifeplan.productinorder", "pk": 178, "fields": {"order": 22, "product": 15, "size_of_product": 45}}, {"model": "lifeplan.productinorder", "pk": 180, "fields": {"order": 23, "product": 9, "size_of_product": 45}}]
